S.No,College Code,College Name,Category,District,Courses Offered
1,201,P T LEE CHENGALVARAYA NAICKER POLYTECHNIC COLLEGE,GOVERNMENT AIDED POLYTECHNIC COLLEGES,CHENNAI,"Diploma in Civil Engineering, Diploma in Mechanical Engineering, Diploma in Electrical and Electronics Engineering, Diploma in Electronics and Communication Engineering, Diploma in Computer Engineering"
2,202,RAMAKRISHNA MISSION POLYTECHNIC COLLEGE,GOVERNMENT AIDED POLYTECHNIC COLLEGES,CHENNAI,"Diploma in Civil Engineering, Diploma in Mechanical Engineering, Diploma in Electrical and Electronics Engineering, Diploma in Electronics and Communication Engineering, Diploma in Computer Engineering, Diploma in Automobile Engineering"
3,203,MURUGAPPA POLYTECHNIC COLLEGE,GOVERNMENT AIDED POLYTECHNIC COLLEGES,CHENNAI,"Diploma in Civil Engineering, Diploma in Mechanical Engineering, Diploma in Electrical and Electronics Engineering, Diploma in Electronics and Communication Engineering, Diploma in Computer Engineering, Diploma in Information Technology"
4,204,BHAKTAVATSALAM POLYTECHNIC COLLEGE,GOVERNMENT AIDED POLYTECHNIC COLLEGES,KANCHIPURAM,"Diploma in Civil Engineering, Diploma in Mechanical Engineering, Diploma in Electrical and Electronics Engineering, Diploma in Electronics and Communication Engineering, Diploma in Computer Engineering, Diploma in Information Technology"
5,205,AMK TECHNOLOGICAL POLYTECHNIC COLLEGE,GOVERNMENT AIDED POLYTECHNIC COLLEGES,CHENNAI,"Diploma in Mechanical Engineering, Diploma in Civil Engineering, Diploma in Electrical and Electronics Engineering, Diploma in Electronics and Communication Engineering, Diploma in Computer Engineering"
6,207,RAJAGOPAL POLYTECHNIC COLLEGE,GOVERNMENT AIDED POLYTECHNIC COLLEGES,VELLORE,"Diploma in Civil Engineering, Diploma in Mechanical Engineering, Diploma in Electrical and Electronics Engineering, Diploma in Electronics and Communication Engineering, Diploma in Computer Engineering"
7,208,MUTHIAH POLYTECHNIC COLLEGE,GOVERNMENT AIDED POLYTECHNIC COLLEGES,CUDDALORE,"Diploma in Civil Engineering, Diploma in Mechanical Engineering, Diploma in Electrical and Electronics Engineering, Diploma in Electronics and Communication Engineering, Diploma in Computer Engineering"
8,209,PSG POLYTECHNIC COLLEGE,GOVERNMENT AIDED POLYTECHNIC COLLEGES,COIMBATORE,"Diploma in Civil Engineering, Diploma in Mechanical Engineering, Diploma in Automobile Engineering, Diploma in Electrical and Electronics Engineering, Diploma in Electronics and Communication Engineering, Diploma in Computer Engineering, Diploma in Information Technology"
9,210,CIT SANDWICH POLYTECHNIC COLLEGE,GOVERNMENT AIDED POLYTECHNIC COLLEGES,COIMBATORE,"Diploma in Mechanical Engineering, Diploma in Electrical and Electronics Engineering, Diploma in Electronics and Communication Engineering, Diploma in Computer Engineering, Diploma in Tool and Die Engineering"
10,211,SRI RAMAKRISHNA MISSION VIDYALAYA POLYTECHNIC COLLEGE,GOVERNMENT AIDED POLYTECHNIC COLLEGES,COIMBATORE,"Diploma in Civil Engineering, Diploma in Mechanical Engineering, Diploma in Electrical and Electronics Engineering, Diploma in Electronics and Communication Engineering, Diploma in Computer Engineering, Diploma in Information Technology"
11,212,NACHIMUTHU POLYTECHNIC COLLEGE,GOVERNMENT AIDED POLYTECHNIC COLLEGES,COIMBATORE,"Diploma in Civil Engineering, Diploma in Mechanical Engineering, Diploma in Electrical and Electronics Engineering, Diploma in Electronics and Communication Engineering, Diploma in Computer Engineering, Diploma in Information Technology"
12,213,SRI KRISHNA POLYTECHNIC COLLEGE,GOVERNMENT AIDED POLYTECHNIC COLLEGES,CHENNAI,"Diploma in Civil Engineering, Diploma in Mechanical Engineering, Diploma in Electrical and Electronics Engineering, Diploma in Electronics and Communication Engineering, Diploma in Computer Engineering, Diploma in Information Technology"
13,214,EIT POLYTECHNIC COLLEGE,GOVERNMENT AIDED POLYTECHNIC COLLEGES,ERODE,"Diploma in Civil Engineering, Diploma in Mechanical Engineering, Diploma in Electrical and Electronics Engineering, Diploma in Electronics and Communication Engineering, Diploma in Computer Engineering, Diploma in Information Technology"
14,215,SAKTHI POLYTECHNIC COLLEGE,GOVERNMENT AIDED POLYTECHNIC COLLEGES,ERODE,"Diploma in Civil Engineering, Diploma in Mechanical Engineering, Diploma in Electrical and Electronics Engineering, Diploma in Electronics and Communication Engineering, Diploma in Computer Engineering, Diploma in Information Technology, Diploma in Automobile Engineering"
15,216,THIAGARAJAR POLYTECHNIC COLLEGE,GOVERNMENT AIDED POLYTECHNIC COLLEGES,SALEM,"Diploma in Civil Engineering, Diploma in Mechanical Engineering, Diploma in Electrical and Electronics Engineering, Diploma in Electronics and Communication Engineering, Diploma in Computer Engineering, Diploma in Information Technology"
16,217,SSM POLYTECHNIC COLLEGE,GOVERNMENT AIDED POLYTECHNIC COLLEGES,NAMAKKAL,"Diploma in Civil Engineering, Diploma in Mechanical Engineering, Diploma in Electrical and Electronics Engineering, Diploma in Electronics and Communication Engineering, Diploma in Computer Engineering"
17,219,VALIVALAM DESIKAR POLYTECHNIC COLLEGE,GOVERNMENT AIDED POLYTECHNIC COLLEGES,NAGAPATTINAM,"Diploma in Civil Engineering, Diploma in Mechanical Engineering, Diploma in Electrical and Electronics Engineering, Diploma in Electronics and Communication Engineering, Diploma in Computer Engineering"
18,220,PATTUKKOTTAI POLYTECHNIC COLLEGE,GOVERNMENT AIDED POLYTECHNIC COLLEGES,THANJAVUR,"Diploma in Civil Engineering, Diploma in Mechanical Engineering, Diploma in Electrical and Electronics Engineering, Diploma in Electronics and Communication Engineering, Diploma in Computer Engineering"
19,221,SESHASAYEE INSTITUTE OF TECHNOLOGY,GOVERNMENT AIDED POLYTECHNIC COLLEGES,TIRUCHIRAPPALLI,"Diploma in Civil Engineering, Diploma in Mechanical Engineering, Diploma in Electrical and Electronics Engineering, Diploma in Electronics and Communication Engineering, Diploma in Computer Engineering, Diploma in Information Technology"
20,222,ARULMIGU PALANIANDAVAR POLYTECHNIC COLLEGE,GOVERNMENT AIDED POLYTECHNIC COLLEGES,DINDIGUL,"Diploma in Civil Engineering, Diploma in Mechanical Engineering, Diploma in Electrical and Electronics Engineering, Diploma in Electronics and Communication Engineering, Diploma in Computer Engineering, Diploma in Information Technology"
21,223,RUKMINI SHANMUGAM POLYTECHNIC COLLEGE,GOVERNMENT AIDED POLYTECHNIC COLLEGES,MADURAI,"Diploma in Civil Engineering, Diploma in Mechanical Engineering, Diploma in Electrical and Electronics Engineering, Diploma in Electronics and Communication Engineering, Diploma in Computer Engineering"
22,224,ANNAMALAI POLYTECHNIC COLLEGE,GOVERNMENT AIDED POLYTECHNIC COLLEGES,SIVAGANGA,"Diploma in Civil Engineering, Diploma in Mechanical Engineering, Diploma in Electrical and Electronics Engineering, Diploma in Electronics and Communication Engineering, Diploma in Computer Engineering, Diploma in Information Technology"
23,225,V S VELLAICHAMY NADAR POLYTECHNIC COLLEGE,GOVERNMENT AIDED POLYTECHNIC COLLEGES,VIRUDHUNAGAR,"Diploma in Civil Engineering, Diploma in Mechanical Engineering, Diploma in Electrical and Electronics Engineering, Diploma in Electronics and Communication Engineering, Diploma in Computer Engineering"
24,226,P.A.C. RAMASAMY RAJA POLYTECHNIC COLLEGE,,GOVERNMENT AIDED POLYTECHNIC COLLEGES,VIRUDHUNAGAR,"Diploma in Civil Engineering, Diploma in Mechanical Engineering, Diploma in Electrical and Electronics Engineering, Diploma in Electronics and Communication Engineering, Diploma in Computer Engineering, Diploma in Information Technology"
25,227,MOHAMED SATHAK POLYTECHNIC COLLEGE,GOVERNMENT AIDED POLYTECHNIC COLLEGES,RAMANATHAPURAM,"Diploma in Civil Engineering, Diploma in Mechanical Engineering, Diploma in Electrical and Electronics Engineering, Diploma in Electronics and Communication Engineering, Diploma in Computer Engineering"
26,101,CENTRAL POLYTECHNIC COLLEGE,GOVERNMENT,CHENNAI,"Diploma in Civil Engineering, Diploma in Mechanical Engineering, Diploma in Electrical and Electronics Engineering, Diploma in Electronics and Communication Engineering, Diploma in Computer Engineering, Diploma in Instrumentation and Control Engineering"
27,102,INSTITUTE OF PRINTING TECHNOLOGY,GOVERNMENT,CHENNAI,"Diploma in Printing Technology"
28,103,INSTITUTE OF CHEMICAL TECHNOLOGY,GOVERNMENT,CHENNAI,"Diploma in Chemical Engineering, Diploma in Petrochemical Technology"
29,104,INSTITUTE OF LEATHER TECHNOLOGY,GOVERNMENT,CHENNAI,"Diploma in Leather Technology, Diploma in Leather Goods Technology"
30,105,INSTITUTE OF TEXTILE TECHNOLOGY,GOVERNMENT,CHENNAI,"Diploma in Textile Technology, Diploma in Textile Processing"
31,106,STATE INSTITUTE OF COMMERCE EDUCATION,GOVERNMENT,CHENNAI,"Diploma in Commercial Practice, Diploma in Modern Office Practice"
32,109,T.P.E.V.R GOVT. POLYTECHNIC COLLEGE,GOVERNMENT,VELLORE,"Diploma in Civil Engineering, Diploma in Mechanical Engineering, Diploma in Electrical and Electronics Engineering, Diploma in Electronics and Communication Engineering, Diploma in Computer Engineering"
33,110,GOVERNMENT POLYTECHNIC COLLEGE,GOVERNMENT,KRISHNAGIRI,"Diploma in Civil Engineering, Diploma in Mechanical Engineering, Diploma in Electrical and Electronics Engineering, Diploma in Electronics and Communication Engineering, Diploma in Computer Engineering"
34,111,GOVERNMENT POLYTECHNIC COLLEGE,GOVERNMENT,COIMBATORE,"Diploma in Civil Engineering, Diploma in Mechanical Engineering, Diploma in Electrical and Electronics Engineering, Diploma in Electronics and Communication Engineering, Diploma in Computer Engineering, Diploma in Information Technology"
35,112,GOVERNMENT POLYTECHNIC COLLEGE,GOVERNMENT,THE NILGIRIS,"Diploma in Civil Engineering, Diploma in Mechanical Engineering, Diploma in Electrical and Electronics Engineering, Diploma in Electronics and Communication Engineering, Diploma in Computer Engineering"
36,113,GOVERNMENT POLYTECHNIC COLLEGE,GOVERNMENT,PUDUKKOTTAI,"Diploma in Civil Engineering, Diploma in Mechanical Engineering, Diploma in Electrical and Electronics Engineering, Diploma in Electronics and Communication Engineering, Diploma in Computer Engineering"
37,115,GOVERNMENT POLYTECHNIC COLLEGE,GOVERNMENT,TIRUCHIRAPPALLI,"Diploma in Civil Engineering, Diploma in Mechanical Engineering, Diploma in Electrical and Electronics Engineering, Diploma in Electronics and Communication Engineering, Diploma in Computer Engineering, Diploma in Information Technology"
38,116,GOVERNMENT POLYTECHNIC COLLEGE,GOVERNMENT,MADURAI,"Diploma in Civil Engineering, Diploma in Mechanical Engineering, Diploma in Electrical and Electronics Engineering, Diploma in Electronics and Communication Engineering, Diploma in Computer Engineering"
39,117,ALAGAPPA POLYTECHNIC COLLEGE,GOVERNMENT,SIVAGANGAI,"Diploma in Civil Engineering, Diploma in Mechanical Engineering, Diploma in Electrical and Electronics Engineering, Diploma in Electronics and Communication Engineering, Diploma in Computer Engineering, Diploma in Information Technology"
40,118,GOVERNMENT POLYTECHNIC COLLEGE\, TUTICORIN,GOVERNMENT,THOOTHUKUDI,"Diploma in Civil Engineering, Diploma in Mechanical Engineering, Diploma in Electrical and Electronics Engineering, Diploma in Electronics and Communication Engineering, Part-Time Diploma in Civil Engineering, Part-Time Diploma in Mechanical Engineering, Part-Time Diploma in Electrical and Electronics Engineering"
41,119,GOVERNMENT POLYTECHNIC COLLEGE NAGERCOIL,GOVERNMENT,KANNIYAKUMARI,"Diploma in Civil Engineering, Diploma in Mechanical Engineering, Diploma in Electrical and Electronics Engineering, Diploma in Electronics and Communication Engineering, Diploma in Computer Engineering, Diploma in Biomedical Electronics, Diploma in Renewable Energy Engineering"
42,120,GOVERNMENT POLYTECHNIC COLLEGE\, PURASAWALKAM,GOVERNMENT,CHENNAI,"Diploma in Civil Engineering, Diploma in Mechanical Engineering, Diploma in Electrical and Electronics Engineering, Diploma in Electronics and Communication Engineering, Diploma in Computer Engineering, Diploma in Printing Technology"
43,121,GOVERNMENT POLYTECHNIC COLLEGE,GOVERNMENT,MADURAI,"Diploma in Civil Engineering, Diploma in Mechanical Engineering, Diploma in Electrical and Electronics Engineering, Diploma in Electronics and Communication Engineering, Diploma in Computer Engineering"
44,122,GOVERNMENT POLYTECHNIC COLLEGE,GOVERNMENT,DHARMAPURI,"Diploma in Civil Engineering, Diploma in Mechanical Engineering, Diploma in Electrical and Electronics Engineering, Diploma in Electronics and Communication Engineering, Diploma in Computer Engineering"
45,123,GOVERNMENT POLYTECHNIC COLLEGE KARUR,GOVERNMENT,KARUR,"Diploma in Civil Engineering, Diploma in Mechanical Engineering, Diploma in Electrical and Electronics Engineering, Diploma in Electronics and Communication Engineering, Diploma in Computer Engineering"
46,124,GOVERNMENT POLYTECHNIC COLLEGE,GOVERNMENT,PERAMBALUR,"Diploma in Civil Engineering, Diploma in Mechanical Engineering, Diploma in Electrical and Electronics Engineering, Diploma in Electronics and Communication Engineering, Diploma in Computer Engineering, Diploma in Internet of Things (IoT), Diploma in Automation and Robotics, Diploma in Digital Manufacturing"
47,125,GOVERNMENT POLYTECHNIC COLLEGE\, TIRUVARUR,GOVERNMENT,THIRUVARUR,"Diploma in Civil Engineering, Diploma in Mechanical Engineering, Diploma in Electrical and Electronics Engineering, Diploma in Electronics and Communication Engineering, Diploma in Computer Engineering"
48,126,GOVERNMENT POLYTECHNIC COLLEGE\, THENI,GOVERNMENT,THENI,"Diploma in Civil Engineering, Diploma in Mechanical Engineering, Diploma in Electrical and Electronics Engineering, Diploma in Electronics and Communication Engineering, Diploma in Computer Engineering, Diploma in Internet of Things (IoT), Diploma in Automation and Robotics, Diploma in Digital Manufacturing"
49,127,GOVERNMENT POLYTECHNIC COLLEGE\, THIRUVANNAMALAI,GOVERNMENT,TIRUVANNAMALAI,"Diploma in Civil Engineering, Diploma in Mechanical Engineering, Diploma in Electrical and Electronics Engineering, Diploma in Electronics and Communication Engineering, Diploma in Computer Engineering"
50,128,GOVERNMENT POLYTECHNIC COLLEGE\, ARAKANDANALLURE,GOVERNMENT,VILLUPURAM,"Diploma in Civil Engineering, Diploma in Mechanical Engineering, Diploma in Electrical and Electronics Engineering, Diploma in Electronics and Communication Engineering, Diploma in Computer Engineering"
51,101,CENTRAL POLYTECHNIC COLLEGE,AUTONOMOUS,CHENNAI,"Diploma in Civil Engineering, Diploma in Mechanical Engineering, Diploma in Electrical and Electronics Engineering, Diploma in Electronics and Communication Engineering, Diploma in Computer Engineering, Diploma in Printing Technology"
52,116,TAMILNADU POLYTECHNIC COLLEGE,AUTONOMOUS,MADURAI,"Diploma in Civil Engineering, Diploma in Mechanical Engineering, Diploma in Electrical and Electronics Engineering, Diploma in Electronics and Communication Engineering, Diploma in Computer Engineering"
53,203,MURUGAPPA POLYTECHNIC COLLEGE,AUTONOMOUS,CHENNAI,"Diploma in Civil Engineering, Diploma in Mechanical Engineering, Diploma in Electrical and Electronics Engineering, Diploma in Electronics and Communication Engineering, Diploma in Computer Engineering, Diploma in Mechanical Engineering (Tool & Die), Diploma in Electronics (Robotics)"
54,209,PSG POLYTECHNIC COLLEGE,AUTONOMOUS,COIMBATORE,"Diploma in Civil Engineering, Diploma in Mechanical Engineering, Diploma in Automobile Engineering, Diploma in Electrical and Electronics Engineering, Diploma in Electronics and Communication Engineering, Diploma in Computer Engineering, Diploma in Information Technology, Diploma in Mechatronics Engineering"
55,211,SRI RAMAKRISHNA MISSION VIDYALAYA POLYTECHNIC COLLEGE,AUTONOMOUS,COIMBATORE,"Diploma in Civil Engineering, Diploma in Mechanical Engineering, Diploma in Electrical and Electronics Engineering, Diploma in Electronics and Communication Engineering, Diploma in Computer Engineering, Diploma in Information Technology"
56,212,NACHIMUTHU POLYTECHNIC COLLEGE,AUTONOMOUS,COIMBATORE,"Diploma in Civil Engineering, Diploma in Mechanical Engineering, Diploma in Electrical and Electronics Engineering, Diploma in Electronics and Communication Engineering, Diploma in Computer Engineering, Diploma in Textile Technology"
57,216,THIAGARAJAR POLYTECHNIC COLLEGE,AUTONOMOUS,SALEM,"Diploma in Civil Engineering, Diploma in Mechanical Engineering, Diploma in Electrical and Electronics Engineering, Diploma in Electronics and Communication Engineering, Diploma in Computer Engineering"
58,221,SESHASAYEE INSTITUTE OF TECHNOLOGY,AUTONOMOUS,TIRUCHIRAPPALLI,"Diploma in Civil Engineering, Diploma in Mechanical Engineering, Diploma in Electrical and Electronics Engineering, Diploma in Electronics and Communication Engineering, Diploma in Computer Engineering"
59,225,V.S.V.N.POLYTECHNIC COLLEGE\, VIRUDHUNAGAR,AUTONOMOUS,VIRUDHUNAGAR,"Diploma in Civil Engineering, Diploma in Mechanical Engineering, Diploma in Electrical and Electronics Engineering, Diploma in Electronics and Communication Engineering, Diploma in Computer Engineering"
60,226,P.A.C. RAMASAMY RAJA POLYTECHNIC COLLEGE\, ,AUTONOMOUS,VIRUDHUNAGAR,"Diploma in Civil Engineering, Diploma in Mechanical Engineering, Diploma in Electrical and Electronics Engineering, Diploma in Electronics and Communication Engineering, Diploma in Computer Engineering"
61,229,SANKAR POLYTECHNIC COLLEGE,AUTONOMOUS,TIRUNELVELI,"Diploma in Civil Engineering, Diploma in Mechanical Engineering, Diploma in Electrical and Electronics Engineering, Diploma in Electronics and Communication Engineering, Diploma in Computer Engineering"
62,276,PERIYAR CENTENARY POLYTECHNIC COLLEGE,AUTONOMOUS,THANJAVUR,"Diploma in Civil Engineering, Diploma in Mechanical Engineering, Diploma in Electrical and Electronics Engineering, Diploma in Electronics and Communication Engineering, Diploma in Computer Engineering"
63,404,GOVERNMENT TECHNICAL TRAINING CENTRE,AFFILIATED,CHENNAI,"Diploma in Technical Teacher Training / Engineering Instructor Training Programmes"
64,405,INSTITUTE OF CERAMIC TECHNOLOGY,AFFILIATED,CUDDALORE,"Diploma in Ceramic Technology"
65,413,INSTITUTE OF TOOL ENGINEERING,AFFILIATED,DINDIGUL,"Diploma in Tool Engineering"
66,416,REGIONAL LABOUR INSTITUTE,AFFILIATED,CHENNAI,"Diploma in Industrial Safety / Labour Welfare and Safety Engineering"
67,301,V.RAMAKRISHNA POLYTECHNIC COLLEGE,SELF FINANCING,THIRUVALLUR,"Diploma in Civil Engineering, Diploma in Mechanical Engineering, Diploma in Electrical and Electronics Engineering, Diploma in Electronics and Communication Engineering, Diploma in Computer Engineering"
68,302,MEENAKSHI AMMAL POLYTECHNIC COLLEGE,SELF FINANCING,KANCHIPURAM,"Diploma in Civil Engineering, Diploma in Mechanical Engineering, Diploma in Electrical and Electronics Engineering, Diploma in Electronics and Communication Engineering, Diploma in Computer Engineering"
69,303,SRI NALLALAGHU NADAR POLYTECHNIC COLLEGE,SELF FINANCING,THIRUVALLUR,"Diploma in Civil Engineering, Diploma in Mechanical Engineering, Diploma in Electrical and Electronics Engineering, Diploma in Electronics and Communication Engineering, Diploma in Computer Engineering"
70,304,ADHIPARASAKTHI POLYTECHNIC COLLEGE,SELF FINANCING,KANCHIPURAM,"Diploma in Civil Engineering, Diploma in Mechanical Engineering, Diploma in Electrical and Electronics Engineering, Diploma in Electronics and Communication Engineering, Diploma in Computer Engineering"
71,305,ARULMIGU THIRUPURASUNDARI AMMAN POLYTECHNIC COLLEGE,SELF FINANCING,KANCHIPURAM,"Diploma in Civil Engineering, Diploma in Mechanical Engineering, Diploma in Electrical and Electronics Engineering, Diploma in Electronics and Communication Engineering, Diploma in Computer Engineering"
72,306,SRIRAM POLYTECHNIC COLLEGE,SELF FINANCING,THIRUVALLUR,"Diploma in Civil Engineering, Diploma in Mechanical Engineering, Diploma in Electrical and Electronics Engineering, Diploma in Electronics and Communication Engineering, Diploma in Computer Engineering"
73,307,VALLIAMMAI POLYTECHNIC COLLEGE,SELF FINANCING,CHENGALPATTU,"Diploma in Civil Engineering, Diploma in Mechanical Engineering, Diploma in Electrical and Electronics Engineering, Diploma in Electronics and Communication Engineering, Diploma in Computer Engineering, Diploma in Information Technology"
74,309,SAINT MICHAEL'S POLYTECHNIC COLLEGE,SELF FINANCING,TIRUVALLUR,"Diploma in Civil Engineering, Diploma in Mechanical Engineering, Diploma in Electrical and Electronics Engineering, Diploma in Electronics and Communication Engineering, Diploma in Computer Engineering"
75,310,MEENAKSHI KRISHNAN POLYTECHNIC COLLEGE,SELF FINANCING,KANCHIPURAM,"Diploma in Civil Engineering, Diploma in Mechanical Engineering, Diploma in Electrical and Electronics Engineering, Diploma in Electronics and Communication Engineering, Diploma in Computer Engineering"
76,311,SWAMY ABEDHANANDHA POLYTECHNIC COLLEGE,SELF FINANCING,THIRUVANNAMALAI,"Diploma in Civil Engineering, Diploma in Mechanical Engineering, Diploma in Electrical and Electronics Engineering, Diploma in Electronics and Communication Engineering, Diploma in Computer Engineering"
77,312,PANDIYAN POLYTECHNIC COLLEGE,SELF FINANCING,TIRUPATTUR,"Diploma in Civil Engineering, Diploma in Mechanical Engineering, Diploma in Electrical and Electronics Engineering, Diploma in Electronics and Communication Engineering, Diploma in Computer Engineering"
78,313,ELUMALAI POLYTECHNIC COLLEGE,SELF FINANCING,VILLUPURAM,"Diploma in Civil Engineering, Diploma in Mechanical Engineering, Diploma in Electrical and Electronics Engineering, Diploma in Electronics and Communication Engineering, Diploma in Computer Engineering"
79,315,SANKARA POLYTECHNIC COLLEGE,SELF FINANCING,COIMBATORE,"Diploma in Civil Engineering, Diploma in Mechanical Engineering, Diploma in Electrical and Electronics Engineering, Diploma in Electronics and Communication Engineering, Diploma in Computer Engineering"
80,317,SREE NARAYANA GURU POLYTECHNIC COLLEGE,SELF FINANCING,COIMBATORE,"Diploma in Civil Engineering, Diploma in Mechanical Engineering, Diploma in Electrical and Electronics Engineering, Diploma in Electronics and Communication Engineering, Diploma in Computer Engineering"
81,318,NANJIAH LINGAMMAL POLYTECHNIC COLLEGE,SELF FINANCING,COIMBATORE,"Diploma in Civil Engineering, Diploma in Mechanical Engineering, Diploma in Electrical and Electronics Engineering, Diploma in Electronics and Communication Engineering, Diploma in Computer Engineering, Diploma in Textile Technology"
82,319,NANJAPPA POLYTECHNIC COLLEGE,SELF FINANCING,COIMBATORE,"Diploma in Civil Engineering, Diploma in Mechanical Engineering, Diploma in Electrical and Electronics Engineering, Diploma in Electronics and Communication Engineering, Diploma in Computer Engineering"
83,320,KONGU POLYTECHNIC COLLEGE,SELF FINANCING,ERODE,"Diploma in Civil Engineering, Diploma in Mechanical Engineering, Diploma in Electrical and Electronics Engineering, Diploma in Electronics and Communication Engineering, Diploma in Computer Engineering, Diploma in Mechatronics Engineering"
84,321,ERODE INST.OF CHEMICAL TECHNOLOGY POLYTECH COLLEGE,SELF FINANCING,NADUPATTI,"Diploma in Chemical Engineering, Diploma in Petrochemical Technology, Diploma in Mechanical Engineering, Diploma in Electrical and Electronics Engineering"
85,323,THIRU RAMAKRISHNA NALLAMMAI POLYTECHNIC COLLEGE,SELF FINANCING,TIRUPPUR,"Diploma in Civil Engineering, Diploma in Mechanical Engineering, Diploma in Electrical and Electronics Engineering, Diploma in Electronics and Communication Engineering, Diploma in Computer Engineering"
86,324,AL-AMEEN POLYTECHNIC COLLEGE,SELF FINANCING,ERODE,"Diploma in Civil Engineering, Diploma in Mechanical Engineering, Diploma in Electrical and Electronics Engineering, Diploma in Electronics and Communication Engineering, Diploma in Computer Engineering"
87,325,ANNAI J.K.K.SAMPOORANI AMMAL POLYTECHNIC COLLEGE,SELF FINANCING,ERODE,"Diploma in Civil Engineering, Diploma in Mechanical Engineering, Diploma in Electrical and Electronics Engineering, Diploma in Electronics and Communication Engineering, Diploma in Computer Engineering"
88,326,THE SALEM POLYTECHNIC COLLEGE,SELF FINANCING,SALEM,"Diploma in Civil Engineering, Diploma in Mechanical Engineering, Diploma in Electrical and Electronics Engineering, Diploma in Electronics and Communication Engineering, Diploma in Computer Engineering"
89,327,MUTHAYAMMAL POLYTECHNIC COLLEGE,SELF FINANCING,NAMAKKAL,"Diploma in Civil Engineering, Diploma in Mechanical Engineering, Diploma in Electrical and Electronics Engineering, Diploma in Electronics and Communication Engineering, Diploma in Computer Engineering, Diploma in Automobile Engineering"
90,328,K.S.RANGASAMY INSTITUTE OF TECHNOLOGY,SELF FINANCING,NAMAKKAL,"Diploma in Civil Engineering, Diploma in Mechanical Engineering, Diploma in Electrical and Electronics Engineering, Diploma in Electronics and Communication Engineering, Diploma in Computer Engineering, Diploma in Information Technology"
91,329,CSI POLYTECHNIC COLLEGE,SELF FINANCING,SALEM,"Diploma in Civil Engineering, Diploma in Mechanical Engineering, Diploma in Electrical and Electronics Engineering, Diploma in Electronics and Communication Engineering, Diploma in Computer Engineering"
92,331,SUBRAMANIAN POLYTECHNIC COLLEGE,SELF FINANCING,PUDUKKOTTAI,"Diploma in Civil Engineering, Diploma in Mechanical Engineering, Diploma in Electrical and Electronics Engineering, Diploma in Electronics and Communication Engineering, Diploma in Computer Engineering"
93,332,A V C POLYTECHNIC COLLEGE,SELF FINANCING,NAGAPATTINAM,"Diploma in Civil Engineering, Diploma in Mechanical Engineering, Diploma in Electrical and Electronics Engineering, Diploma in Electronics and Communication Engineering, Diploma in Computer Engineering"
94,333,SHANMUGHA POLYTECHNIC COLLEGE,SELF FINANCING,THANJAVUR,"Diploma in Civil Engineering, Diploma in Mechanical Engineering, Diploma in Electrical and Electronics Engineering, Diploma in Electronics and Communication Engineering, Diploma in Computer Engineering"
95,334,C C M RAMAKRISHNA POLYTECHNIC COLLEGE,SELF FINANCING,THANJAVUR,"Diploma in Civil Engineering, Diploma in Mechanical Engineering, Diploma in Electrical and Electronics Engineering, Diploma in Electronics and Communication Engineering, Diploma in Computer Engineering"
96,335,THE KARUR POLYTECHNIC COLLEGE,SELF FINANCING,KARUR,"Diploma in Civil Engineering, Diploma in Mechanical Engineering, Diploma in Electrical and Electronics Engineering, Diploma in Electronics and Communication Engineering, Diploma in Computer Engineering"
97,336,THANTHAI ROEVER INSTITUTE OF POLYTECHNIC COLLEGE,SELF FINANCING,PERAMBALUR,"Diploma in Civil Engineering, Diploma in Mechanical Engineering, Diploma in Electrical and Electronics Engineering, Diploma in Electronics and Communication Engineering, Diploma in Computer Engineering"
98,337,M.I.E.T. POLYTECHNIC COLLEGE,SELF FINANCING,TRICHY,"Diploma in Civil Engineering, Diploma in Mechanical Engineering, Diploma in Electrical and Electronics Engineering, Diploma in Electronics and Communication Engineering, Diploma in Computer Engineering, Diploma in Information Technology"
99,340,K.L.NAGASWAMY MEMORIAL POLYTECHNIC COLLEGE,SELF FINANCING,MADURAI,"Diploma in Civil Engineering, Diploma in Mechanical Engineering, Diploma in Electrical and Electronics Engineering, Diploma in Electronics and Communication Engineering, Diploma in Computer Engineering"
100,341,RATNAVEL SUBRAMANIAM POLYTECHNIC COLLEGE,SELF FINANCING,DINDIGUL,"Diploma in Civil Engineering, Diploma in Mechanical Engineering, Diploma in Electrical and Electronics Engineering, Diploma in Electronics and Communication Engineering, Diploma in Computer Engineering, Diploma in Automobile Engineering"
101,342,THE CHRISTIAN INST. FOR TECH EDN(POLYTECHNIC COLLEGE),SELF FINANCING,DINDIGUL,"Diploma in Civil Engineering, Diploma in Mechanical Engineering, Diploma in Electrical and Electronics Engineering, Diploma in Electronics and Communication Engineering, Diploma in Computer Engineering"
102,343,THANGAM-MUTHU POLYTECHNIC COLLEGE,SELF FINANCING,THENI,"Diploma in Civil Engineering, Diploma in Mechanical Engineering, Diploma in Electrical and Electronics Engineering, Diploma in Electronics and Communication Engineering, Diploma in Computer Engineering"
103,344,ARULMIGU KALLALAKAR POLYTECHNIC COLLEGE,SELF FINANCING,MADURAI,"Diploma in Civil Engineering, Diploma in Mechanical Engineering, Diploma in Electrical and Electronics Engineering, Diploma in Electronics and Communication Engineering, Diploma in Computer Engineering"
104,345,THANAPANDIYAN POLYTECHNIC COLLEGE,SELF FINANCING,MADURAI,"Diploma in Civil Engineering, Diploma in Mechanical Engineering, Diploma in Electrical and Electronics Engineering, Diploma in Electronics and Communication Engineering, Diploma in Computer Engineering"
105,346,SEIKALATHUR KAMATCHI AMMAN POLYTECHNIC COLLEGE MANAMADURAI,SELF FINANCING,SIVAGANGA,"Diploma in Civil Engineering, Diploma in Mechanical Engineering, Diploma in Electrical and Electronics Engineering, Diploma in Electronics and Communication Engineering, Diploma in Computer Engineering"
106,347,ARULMIGU KALASALINGAM POLYTECHNIC COLLEGE,SELF FINANCING,VIRUDHUNAGAR,"Diploma in Civil Engineering, Diploma in Mechanical Engineering, Diploma in Electrical and Electronics Engineering, Diploma in Electronics and Communication Engineering, Diploma in Computer Engineering"
107,348,RAMU-SEETHA POLYTECHNIC COLLEGE,SELF FINANCING,VIRUDHUNAGAR,"Diploma in Civil Engineering, Diploma in Mechanical Engineering, Diploma in Electrical and Electronics Engineering, Diploma in Electronics and Communication Engineering, Diploma in Computer Engineering"
108,349,SEETHAIAMMAL POLYTECHNIC COLLEGE,SELF FINANCING,MADURAI,"Diploma in Civil Engineering, Diploma in Mechanical Engineering, Diploma in Electrical and Electronics Engineering, Diploma in Electronics and Communication Engineering, Diploma in Computer Engineering"
109,350,SRI SOWDAMBIKA POLYTECHNIC COLLEGE,SELF FINANCING,VIRUDHUNAGAR,"Diploma in Civil Engineering, Diploma in Mechanical Engineering, Diploma in Electrical and Electronics Engineering, Diploma in Electronics and Communication Engineering, Diploma in Computer Engineering"
110,351,PASUMPON NETHAJI POLYTECHNIC COLLEGE,SELF FINANCING,TIRUNELVELI,"Diploma in Civil Engineering, Diploma in Mechanical Engineering, Diploma in Electrical and Electronics Engineering, Diploma in Electronics and Communication Engineering, Diploma in Computer Engineering"
111,352,LAKSHMI AMMAL POLYTECHNIC COLLEGE,SELF FINANCING,TUTICORIN,"Diploma in Civil Engineering, Diploma in Mechanical Engineering, Diploma in Electrical and Electronics Engineering, Diploma in Electronics and Communication Engineering, Diploma in Computer Engineering"
112,353,S.A.RAJA'S POLYTECHNIC COLLEGE,SELF FINANCING,VADAKKANKULAM,"Diploma in Civil Engineering, Diploma in Mechanical Engineering, Diploma in Electrical and Electronics Engineering, Diploma in Electronics and Communication Engineering, Diploma in Computer Engineering"
113,354,GOMATHI AMBAL POLYTECHNIC COLLEGE,SELF FINANCING,TIRUNELVELI,"Diploma in Civil Engineering, Diploma in Mechanical Engineering, Diploma in Electrical and Electronics Engineering, Diploma in Electronics and Communication Engineering, Diploma in Computer Engineering"
114,355,ST XAVIER'S POLYTECHNIC COLLEGE,SELF FINANCING,TUTICORIN,"Diploma in Civil Engineering, Diploma in Mechanical Engineering, Diploma in Electrical and Electronics Engineering, Diploma in Electronics and Communication Engineering, Diploma in Computer Engineering"
115,356,MORNING STAR POLYTECHNIC COLLEGE,SELF FINANCING,KANYAKUMARI,"Diploma in Civil Engineering, Diploma in Mechanical Engineering, Diploma in Electrical and Electronics Engineering, Diploma in Electronics and Communication Engineering, Diploma in Computer Engineering"
116,357,NOORUL ISLAM POLYTECHNIC COLLEGE,SELF FINANCING,KANNIYAKUMARI,"Diploma in Civil Engineering, Diploma in Mechanical Engineering, Diploma in Electrical and Electronics Engineering, Diploma in Electronics and Communication Engineering, Diploma in Computer Engineering"
117,358,SRI VENKATESWARA POLYTECHNIC COLLEGE,SELF FINANCING,VELLORE,"Diploma in Civil Engineering, Diploma in Mechanical Engineering, Diploma in Electrical and Electronics Engineering, Diploma in Electronics and Communication Engineering, Diploma in Computer Engineering"
118,359,THAI MOOGAMBIGAI POLYTECHNIC COLLEGE,SELF FINANCING,THIRUVALLUR,"Diploma in Civil Engineering, Diploma in Mechanical Engineering, Diploma in Electrical and Electronics Engineering, Diploma in Electronics and Communication Engineering, Diploma in Computer Engineering"
119,360,CHRIST THE KING POLYTECHNIC COLLEGE,SELF FINANCING,COIMBATORE,"Diploma in Civil Engineering, Diploma in Mechanical Engineering, Diploma in Electrical and Electronics Engineering, Diploma in Electronics and Communication Engineering, Diploma in Computer Engineering"
120,362,RAJAJI INSTITUTE OF TECHNOLOGY,SELF FINANCING,SALEM,"Diploma in Civil Engineering, Diploma in Mechanical Engineering, Diploma in Electrical and Electronics Engineering, Diploma in Electronics and Communication Engineering, Diploma in Computer Engineering"
121,363,SRINIVASA POLYTECHNIC COLLEGE,SELF FINANCING,PUDUKKOTTAI,"Diploma in Civil Engineering, Diploma in Mechanical Engineering, Diploma in Electrical and Electronics Engineering, Diploma in Electronics and Communication Engineering, Diploma in Computer Engineering"
122,364,GMS-MAVMM POLYTECHNIC COLLEGE,SELF FINANCING,MADURAI,"Diploma in Civil Engineering, Diploma in Mechanical Engineering, Diploma in Electrical and Electronics Engineering, Diploma in Electronics and Communication Engineering, Diploma in Computer Engineering"
123,365,PARK AMC POLYTECHNIC COLLEGE,SELF FINANCING,COIMBATORE,"Diploma in Civil Engineering, Diploma in Mechanical Engineering, Diploma in Electrical and Electronics Engineering, Diploma in Electronics and Communication Engineering, Diploma in Computer Engineering, Diploma in Information Technology"
124,366,ARULMIGU SENTHILANDAVAR POLYTECHNIC COLLEGE,SELF FINANCING,TIRUNELVELI,"Diploma in Civil Engineering, Diploma in Mechanical Engineering, Diploma in Electrical and Electronics Engineering, Diploma in Electronics and Communication Engineering, Diploma in Computer Engineering"
125,367,M.S.P.VELAYUTHA NADAR LAKSHMITHAI AMMAL POLYTECHNIC COLLEGE,SELF FINANCING,TIRUNELVELI,"Diploma in Civil Engineering, Diploma in Mechanical Engineering, Diploma in Electrical and Electronics Engineering, Diploma in Electronics and Communication Engineering, Diploma in Computer Engineering"
126,368,KALAIVANAR N.S.K POLYTECHNIC COLLEGE,SELF FINANCING,KANYAKUMARI,"Diploma in Civil Engineering, Diploma in Mechanical Engineering, Diploma in Electrical and Electronics Engineering, Diploma in Electronics and Communication Engineering, Diploma in Computer Engineering"
127,369,THIRUMATHI ELIZABETH POLYTECHNIC COLLEGE,SELF FINANCING,PERAMBALUR,"Diploma in Civil Engineering, Diploma in Mechanical Engineering, Diploma in Electrical and Electronics Engineering, Diploma in Electronics and Communication Engineering, Diploma in Computer Engineering"
128,370,PALLAVAN POLYTECHNIC COLLEGE,SELF FINANCING,KANCHIPURAM,"Diploma in Civil Engineering, Diploma in Mechanical Engineering, Diploma in Electrical and Electronics Engineering, Diploma in Electronics and Communication Engineering, Diploma in Computer Engineering"
129,371,ANNAI VELANKANNI POLYTECHNIC COLLEGE,SELF FINANCING,CUDDALORE,"Diploma in Civil Engineering, Diploma in Mechanical Engineering, Diploma in Electrical and Electronics Engineering, Diploma in Electronics and Communication Engineering, Diploma in Computer Engineering"
130,372,PANIMALAR POLYTECHNIC COLLEGE,SELF FINANCING,CHENNAI,"Diploma in Civil Engineering, Diploma in Mechanical Engineering, Diploma in Electrical and Electronics Engineering, Diploma in Electronics and Communication Engineering, Diploma in Computer Engineering, Diploma in Information Technology"
131,373,THIRU SEVEN HILLS POLYTECHNIC COLLEGE,SELF FINANCING,THIRUVALLUR,"Diploma in Civil Engineering, Diploma in Mechanical Engineering, Diploma in Electrical and Electronics Engineering, Diploma in Electronics and Communication Engineering, Diploma in Computer Engineering"
132,374,C P C L POLYTECHNIC COLLEGE,SELF FINANCING,THIRUVALLUR,"Diploma in Chemical Engineering, Diploma in Mechanical Engineering, Diploma in Electrical and Electronics Engineering, Diploma in Electronics and Communication Engineering, Diploma in Instrumentation and Control Engineering"
133,375,MODERATOR GNANANDASON POLYTECHNIC COLLEGE,SELF FINANCING,KANYAKUMARI,"Diploma in Civil Engineering, Diploma in Mechanical Engineering, Diploma in Electrical and Electronics Engineering, Diploma in Electronics and Communication Engineering, Diploma in Computer Engineering"
134,377,N A MANJAMMAL POLYTECHNIC COLLEGE,SELF FINANCING,VIRUDHUNAGAR,"Diploma in Civil Engineering, Diploma in Mechanical Engineering, Diploma in Electrical and Electronics Engineering, Diploma in Electronics and Communication Engineering, Diploma in Computer Engineering"
135,381,SREE KRISHNA POLYTECHNIC COLLEGE,SELF FINANCING,KANNIYAKUMARI,"Diploma in Civil Engineering, Diploma in Mechanical Engineering, Diploma in Electrical and Electronics Engineering, Diploma in Electronics and Communication Engineering, Diploma in Computer Engineering"
136,382,ADHIYAMAAN POLYTECHNIC COLLEGE,SELF FINANCING,KRISHNAGIRI,"Diploma in Civil Engineering, Diploma in Mechanical Engineering, Diploma in Electrical and Electronics Engineering, Diploma in Electronics and Communication Engineering, Diploma in Computer Engineering, Diploma in Mechatronics Engineering"
137,383,BHARATH POLYTECHNIC COLLEGE,SELF FINANCING,KANCHIPURAM,"Diploma in Civil Engineering, Diploma in Mechanical Engineering, Diploma in Electrical and Electronics Engineering, Diploma in Electronics and Communication Engineering, Diploma in Computer Engineering"
138,384,VIGNESH POLYTECHNIC COLLEGE,SELF FINANCING,THIRUVANNAMALAI,"Diploma in Civil Engineering, Diploma in Mechanical Engineering, Diploma in Electrical and Electronics Engineering, Diploma in Electronics and Communication Engineering, Diploma in Computer Engineering"
139,385,SRI BALAJI POLYTECHNIC COLLEGE,SELF FINANCING,KANCHIPURAM,"Diploma in Civil Engineering, Diploma in Mechanical Engineering, Diploma in Electrical and Electronics Engineering, Diploma in Electronics and Communication Engineering, Diploma in Computer Engineering"
140,386,DR M.G.R POLYTECHNIC COLLEGE,SELF FINANCING,THIRUVANNAMALAI,"Diploma in Civil Engineering, Diploma in Mechanical Engineering, Diploma in Electrical and Electronics Engineering, Diploma in Electronics and Communication Engineering, Diploma in Computer Engineering"
141,387,SRI KRISHNA POLYTECHNIC COLLEGE,SELF FINANCING,RANIPET,"Diploma in Civil Engineering, Diploma in Mechanical Engineering, Diploma in Electrical and Electronics Engineering, Diploma in Electronics and Communication Engineering, Diploma in Computer Engineering"
142,388,RANIPET INSTITUTE OF TECHNOLOGY,SELF FINANCING,VELLORE,"Diploma in Civil Engineering, Diploma in Mechanical Engineering, Diploma in Electrical and Electronics Engineering, Diploma in Electronics and Communication Engineering, Diploma in Computer Engineering"
143,389,PEE GEE POLYTECHNIC COLLEGE,SELF FINANCING,DHARMAPURI,"Diploma in Civil Engineering, Diploma in Mechanical Engineering, Diploma in Electrical and Electronics Engineering, Diploma in Electronics and Communication Engineering, Diploma in Computer Engineering"
144,408,SIGA POLYTECHNIC COLLEGE,SELF FINANCING,CHENNAI,"Diploma in Civil Engineering, Diploma in Mechanical Engineering, Diploma in Electrical and Electronics Engineering, Diploma in Electronics and Communication Engineering, Diploma in Computer Engineering"
145,409,HINDUSTAN INSTITUTE OF ENGG TECHNOLOGY POLYTECHNIC COLLEGE,SELF FINANCING,KANCHIPURAM,"Diploma in Civil Engineering, Diploma in Mechanical Engineering, Diploma in Electrical and Electronics Engineering, Diploma in Electronics and Communication Engineering, Diploma in Computer Engineering, Diploma in Information Technology"
146,410,SIVAKASI INSTITUTE OF PRINTING TECHNOLOGY,SELF FINANCING,VIRUDHUNAGAR,"Diploma in Printing Technology"
147,501,JAYARAJ ANNAPACKIAM CSI POLYTECHNIC COLLEGE,SELF FINANCING,TUTICORIN,"Diploma in Civil Engineering, Diploma in Mechanical Engineering, Diploma in Electrical and Electronics Engineering, Diploma in Electronics and Communication Engineering, Diploma in Computer Engineering"
148,502,SRI SAI RAM POLYTECHNIC COLLEGE, CHENNAI,SELF FINANCING,KANCHIPURAM,"Diploma in Civil Engineering, Diploma in Mechanical Engineering, Diploma in Electrical and Electronics Engineering, Diploma in Electronics and Communication Engineering, Diploma in Computer Engineering, Diploma in Information Technology"
149,503,S.A. POLYTECHNIC COLLEGE,SELF FINANCING,THIRUVALLUR,"Diploma in Civil Engineering, Diploma in Mechanical Engineering, Diploma in Electrical and Electronics Engineering, Diploma in Electronics and Communication Engineering, Diploma in Computer Engineering"
150,504,S.R.M. POLYTECHNIC COLLEGE,SELF FINANCING,TIRUCHIRAPPALLI,"Diploma in Civil Engineering, Diploma in Mechanical Engineering, Diploma in Electrical and Electronics Engineering, Diploma in Electronics and Communication Engineering, Diploma in Computer Engineering"
151,505,P S B POLYTECHCNIC COLLEGE,SELF FINANCING,KANCHIPURAM,"Diploma in Civil Engineering, Diploma in Mechanical Engineering, Diploma in Electrical and Electronics Engineering, Diploma in Electronics and Communication Engineering, Diploma in Computer Engineering"
152,506,KUMARAN POLYTECHNIC COLLEGE,SELF FINANCING,THIRUVANNAMALAI,"Diploma in Civil Engineering, Diploma in Mechanical Engineering, Diploma in Electrical and Electronics Engineering, Diploma in Electronics and Communication Engineering, Diploma in Computer Engineering"
153,507,PRIYADARSHINI POLYTECHNIC COLLEGE,SELF FINANCING,VELLORE,"Diploma in Civil Engineering, Diploma in Mechanical Engineering, Diploma in Electrical and Electronics Engineering, Diploma in Electronics and Communication Engineering, Diploma in Computer Engineering"
154,508,MARUTHI POLYTECHNIC COLLEGE,SELF FINANCING,SALEM,"Diploma in Civil Engineering, Diploma in Mechanical Engineering, Diploma in Electrical and Electronics Engineering, Diploma in Electronics and Communication Engineering, Diploma in Computer Engineering"
155,509,ER.PERUMAL MANIMEKALAI POLYTECHNIC COLLEGE,SELF FINANCING,KRISHNAGIRI,"Diploma in Civil Engineering, Diploma in Mechanical Engineering, Diploma in Electrical and Electronics Engineering, Diploma in Electronics and Communication Engineering, Diploma in Computer Engineering"
156,510,RUDHRAVENI MUTHUSWAMY POLYTECHNIC COLLEGE,SELF FINANCING,TIRUPPUR,"Diploma in Civil Engineering, Diploma in Mechanical Engineering, Diploma in Electrical and Electronics Engineering, Diploma in Electronics and Communication Engineering, Diploma in Computer Engineering"
157,511,SRI RAMAKRISHNA POLYTECHNIC COLLEGE,SELF FINANCING,COIMBATORE,"Diploma in Civil Engineering, Diploma in Mechanical Engineering, Diploma in Electrical and Electronics Engineering, Diploma in Electronics and Communication Engineering, Diploma in Computer Engineering"
158,512,SRI VENKATESWARA POLYTECHNIC COLLEGE,SELF FINANCING,THIRUVANNAMALAI,"Diploma in Civil Engineering, Diploma in Mechanical Engineering, Diploma in Electrical and Electronics Engineering, Diploma in Electronics and Communication Engineering, Diploma in Computer Engineering"
159,513,LATHA MATHAVAN POLYTECHNIC COLLEGE,SELF FINANCING,MADURAI,"Diploma in Civil Engineering, Diploma in Mechanical Engineering, Diploma in Electrical and Electronics Engineering, Diploma in Electronics and Communication Engineering, Diploma in Computer Engineering"
160,514,AALIM MUHAMMED SALEGH POLYTECHNIC COLLEGE,SELF FINANCING,THIRUVALLUR,"Diploma in Civil Engineering, Diploma in Mechanical Engineering, Diploma in Electrical and Electronics Engineering, Diploma in Electronics and Communication Engineering, Diploma in Computer Engineering"
161,515,DR.B.R.AMBEDKAR POLYTECHNIC COLLEGE,SELF FINANCING,YANAM,"Diploma in Civil Engineering, Diploma in Mechanical Engineering, Diploma in Electrical and Electronics Engineering, Diploma in Electronics and Communication Engineering, Diploma in Computer Engineering"
162,516,VENKATESVARA POLYTECHNIC COLLEGE,SELF FINANCING,PUDUKKOTTAI,"Diploma in Civil Engineering, Diploma in Mechanical Engineering, Diploma in Electrical and Electronics Engineering, Diploma in Electronics and Communication Engineering, Diploma in Computer Engineering"
163,517,KRISHNASAMY MEMORIAL POLYTECHNIC COLLEGE,,SELF FINANCING,CUDDALORE,"Diploma in Civil Engineering, Diploma in Mechanical Engineering, Diploma in Electrical and Electronics Engineering, Diploma in Electronics and Communication Engineering, Diploma in Computer Engineering"
164,518,SUN INSTITUTE OF TECHNOLOGY,SELF FINANCING,KANNIYAKUMARI,"Diploma in Civil Engineering, Diploma in Mechanical Engineering, Diploma in Electrical and Electronics Engineering, Diploma in Electronics and Communication Engineering, Diploma in Computer Engineering"
165,519,SCAD POLYTECHNIC COLLEGE,SELF FINANCING,TIRUNELVELI,"Diploma in Civil Engineering, Diploma in Mechanical Engineering, Diploma in Electrical and Electronics Engineering, Diploma in Electronics and Communication Engineering, Diploma in Computer Engineering"
166,520,SRI MUTHALAMMAN POLYTECHNIC COLLEGE,SELF FINANCING,RAMANATHAPURAM,"Diploma in Civil Engineering, Diploma in Mechanical Engineering, Diploma in Electrical and Electronics Engineering, Diploma in Electronics and Communication Engineering, Diploma in Computer Engineering"
167,521,SUGUNA POLYTECHNIC COLLEGE,SELF FINANCING,COIMBATORE,"Diploma in Civil Engineering, Diploma in Mechanical Engineering, Diploma in Electrical and Electronics Engineering, Diploma in Electronics and Communication Engineering, Diploma in Computer Engineering, Diploma in Information Technology"
168,522,MURUGESAN INSTITUTE OF TECHNOLOGY,SELF FINANCING,SALEM,"Diploma in Civil Engineering, Diploma in Mechanical Engineering, Diploma in Electrical and Electronics Engineering, Diploma in Electronics and Communication Engineering, Diploma in Computer Engineering"
169,523,SRI RAGAVENDRA POLYTECHNIC COLLEGE,SELF FINANCING,NAMAKKAL,"Diploma in Civil Engineering, Diploma in Mechanical Engineering, Diploma in Electrical and Electronics Engineering, Diploma in Electronics and Communication Engineering, Diploma in Computer Engineering"
170,525,K.S.R POLYTECHNIC COLLEGE,SELF FINANCING,COIMBATORE,"Diploma in Civil Engineering, Diploma in Mechanical Engineering, Diploma in Electrical and Electronics Engineering, Diploma in Electronics and Communication Engineering, Diploma in Computer Engineering"
171,526,SRI AYYAPPA POLYTECHNIC COLLEGE,SELF FINANCING,CUDDALORE,"Diploma in Civil Engineering, Diploma in Mechanical Engineering, Diploma in Electrical and Electronics Engineering, Diploma in Electronics and Communication Engineering, Diploma in Computer Engineering"
172,527,TIRUPATTUR POLYTECHNIC COLLEGE,SELF FINANCING,VELLORE,"Diploma in Civil Engineering, Diploma in Mechanical Engineering, Diploma in Electrical and Electronics Engineering, Diploma in Electronics and Communication Engineering, Diploma in Computer Engineering"
173,528,SEMBODAI R.V POLYTECHNIC COLLEGE,SELF FINANCING,NAGAPATTINAM,"Diploma in Civil Engineering, Diploma in Mechanical Engineering, Diploma in Electrical and Electronics Engineering, Diploma in Electronics and Communication Engineering, Diploma in Computer Engineering"
174,529,KAR POLYTECHNIC COLLEGE,SELF FINANCING,VELLORE,"Diploma in Civil Engineering, Diploma in Mechanical Engineering, Diploma in Electrical and Electronics Engineering, Diploma in Electronics and Communication Engineering, Diploma in Computer Engineering"
175,531,INFANT JESUS POLYTECHNIC COLLEGE,SELF FINANCING,TRICHY,"Diploma in Civil Engineering, Diploma in Mechanical Engineering, Diploma in Electrical and Electronics Engineering, Diploma in Electronics and Communication Engineering, Diploma in Computer Engineering"
176,532,SRI KRISHNA POLYTECHNIC COLLEGE,SELF FINANCING,DINDIGUL,"Diploma in Civil Engineering, Diploma in Mechanical Engineering, Diploma in Electrical and Electronics Engineering, Diploma in Electronics and Communication Engineering, Diploma in Computer Engineering"
177,533,PAAVAI POLYTECHNIC COLLEGE,SELF FINANCING,NAMAKKAL,"Diploma in Civil Engineering, Diploma in Mechanical Engineering, Diploma in Electrical and Electronics Engineering, Diploma in Electronics and Communication Engineering, Diploma in Computer Engineering, Diploma in Information Technology"
178,534,PADALESUWARAR POLYTECHNIC COLLEGE,SELF FINANCING,CUDDALORE,"Diploma in Civil Engineering, Diploma in Mechanical Engineering, Diploma in Electrical and Electronics Engineering, Diploma in Electronics and Communication Engineering, Diploma in Computer Engineering"
179,535,RAJA DESINGH POLYTECHNIC COLLEGE,SELF FINANCING,VILLUPURAM,"Diploma in Civil Engineering, Diploma in Mechanical Engineering, Diploma in Electrical and Electronics Engineering, Diploma in Electronics and Communication Engineering, Diploma in Computer Engineering"
180,538,SBM POLYTECHNIC COLLEGE,SELF FINANCING,DINDIGUL,"Diploma in Civil Engineering, Diploma in Mechanical Engineering, Diploma in Electrical and Electronics Engineering, Diploma in Electronics and Communication Engineering, Diploma in Computer Engineering"
181,539,ANNDAVAR POLYTECHNIC COLLEGE,SELF FINANCING,ERODE,"Diploma in Civil Engineering, Diploma in Mechanical Engineering, Diploma in Electrical and Electronics Engineering, Diploma in Electronics and Communication Engineering, Diploma in Computer Engineering"
182,540,LITTLE FLOWER POLYTECHNIC COLLEGE,SELF FINANCING,THIRUVALLUR,"Diploma in Civil Engineering, Diploma in Mechanical Engineering, Diploma in Electrical and Electronics Engineering, Diploma in Electronics and Communication Engineering, Diploma in Computer Engineering"
183,541,SRI DURGADEVI POLYTECHNIC COLLEGE,SELF FINANCING,THIRUVALLUR,"Diploma in Civil Engineering, Diploma in Mechanical Engineering, Diploma in Electrical and Electronics Engineering, Diploma in Electronics and Communication Engineering, Diploma in Computer Engineering"
184,542,LAXMINARAYANA POLYTECHNIC COLLEGE,SELF FINANCING,DHARMAPURI,"Diploma in Civil Engineering, Diploma in Mechanical Engineering, Diploma in Electrical and Electronics Engineering, Diploma in Electronics and Communication Engineering, Diploma in Computer Engineering"
185,544,S M ARUMUGAM POLYTECHNIC COLLEGE,SELF FINANCING,DHARMAPURI,"Diploma in Civil Engineering, Diploma in Mechanical Engineering, Diploma in Electrical and Electronics Engineering, Diploma in Electronics and Communication Engineering, Diploma in Computer Engineering"
186,545,VIVEKANANDA POLYTECHNIC COLLEGE,SELF FINANCING,CUDDALORE,"Diploma in Civil Engineering, Diploma in Mechanical Engineering, Diploma in Electrical and Electronics Engineering, Diploma in Electronics and Communication Engineering, Diploma in Computer Engineering"
187,546,THE KAVERY POLYTECHNIC COLLEGE,SELF FINANCING,SALEM,"Diploma in Civil Engineering, Diploma in Mechanical Engineering, Diploma in Electrical and Electronics Engineering, Diploma in Electronics and Communication Engineering, Diploma in Computer Engineering"
188,547,S.R.I. POLYTECHNIC COLLEGE,SELF FINANCING,THIRUVANNAMALAI,"Diploma in Civil Engineering, Diploma in Mechanical Engineering, Diploma in Electrical and Electronics Engineering, Diploma in Electronics and Communication Engineering, Diploma in Computer Engineering"
189,548,ARIES POLYTECHNIC COLLEGE,SELF FINANCING,CUDDALORE,"Diploma in Civil Engineering, Diploma in Mechanical Engineering, Diploma in Electrical and Electronics Engineering, Diploma in Electronics and Communication Engineering, Diploma in Computer Engineering"
190,549,PGP POLYTECHNIC COLLEGE,SELF FINANCING,NAMAKKAL,"Diploma in Civil Engineering, Diploma in Mechanical Engineering, Diploma in Electrical and Electronics Engineering, Diploma in Electronics and Communication Engineering, Diploma in Computer Engineering"
191,550,NANDHA POLYTECHNIC COLLEGE,SELF FINANCING,ERODE,"Diploma in Civil Engineering, Diploma in Mechanical Engineering, Diploma in Electrical and Electronics Engineering, Diploma in Electronics and Communication Engineering, Diploma in Computer Engineering"
192,551,DHANALAKSHMI SRINIVASAN POLYTECHNIC COLLEGE,SELF FINANCING,PERAMBALUR,"Diploma in Civil Engineering, Diploma in Mechanical Engineering, Diploma in Electrical and Electronics Engineering, Diploma in Electronics and Communication Engineering, Diploma in Computer Engineering"
193,552,BHARATH POLYTECHNIC COLLEGE,SELF FINANCING,NAMAKKAL,"Diploma in Civil Engineering, Diploma in Mechanical Engineering, Diploma in Electrical and Electronics Engineering, Diploma in Electronics and Communication Engineering, Diploma in Computer Engineering"
194,553,SRI VENKATACHALAPATHY POLYTECHNIC COLLEGE,SELF FINANCING,VILLUPURAM,"Diploma in Civil Engineering, Diploma in Mechanical Engineering, Diploma in Electrical and Electronics Engineering, Diploma in Electronics and Communication Engineering, Diploma in Computer Engineering"
195,554,CHEYYAR POLYTECHNIC COLLEGE,SELF FINANCING,THIRUVANNAMALAI,"Diploma in Civil Engineering, Diploma in Mechanical Engineering, Diploma in Electrical and Electronics Engineering, Diploma in Electronics and Communication Engineering, Diploma in Computer Engineering"
196,555,MURUGA POLYTECHNIC COLLEGE,SELF FINANCING,VILLUPURAM,"Diploma in Civil Engineering, Diploma in Mechanical Engineering, Diploma in Electrical and Electronics Engineering, Diploma in Electronics and Communication Engineering, Diploma in Computer Engineering"
197,556,TIRUTTANI POLYTECHNIC COLLEGE,SELF FINANCING,THIRUVALLUR,"Diploma in Civil Engineering, Diploma in Mechanical Engineering, Diploma in Electrical and Electronics Engineering, Diploma in Electronics and Communication Engineering, Diploma in Computer Engineering"
198,558,DPC POLYTECHNIC COLLEGE,SELF FINANCING,SALEM,"Diploma in Civil Engineering, Diploma in Mechanical Engineering, Diploma in Electrical and Electronics Engineering, Diploma in Electronics and Communication Engineering, Diploma in Computer Engineering"
199,559,P V POLYTECHNIC COLLEGE,SELF FINANCING,VILLUPURAM,"Diploma in Civil Engineering, Diploma in Mechanical Engineering, Diploma in Electrical and Electronics Engineering, Diploma in Electronics and Communication Engineering, Diploma in Computer Engineering"
200,560,SAMUEL POLYTECHNIC COLLEGE,SELF FINANCING,THOOTHUKUDI,"Diploma in Civil Engineering, Diploma in Mechanical Engineering, Diploma in Electrical and Electronics Engineering, Diploma in Electronics and Communication Engineering, Diploma in Computer Engineering"
201,561,DUSI POLYTECHNIC COLLEGE,SELF FINANCING,THIRUVANNAMALAI,"Diploma in Civil Engineering, Diploma in Mechanical Engineering, Diploma in Electrical and Electronics Engineering, Diploma in Electronics and Communication Engineering, Diploma in Computer Engineering"
202,562,SHRI SITHESWARAR POLYTECHNIC COLLEGE,SELF FINANCING,VELLORE,"Diploma in Civil Engineering, Diploma in Mechanical Engineering, Diploma in Electrical and Electronics Engineering, Diploma in Electronics and Communication Engineering, Diploma in Computer Engineering"
203,563,JOHN BOSCO POLYTECHNIC COLLEGE,SELF FINANCING,THIRUVALLUR,"Diploma in Civil Engineering, Diploma in Mechanical Engineering, Diploma in Electrical and Electronics Engineering, Diploma in Electronics and Communication Engineering, Diploma in Computer Engineering"
204,564,SRI ADHISANKARAR POLYTECHNIC COLLEGE,SELF FINANCING,TRICHY,"Diploma in Civil Engineering, Diploma in Mechanical Engineering, Diploma in Electrical and Electronics Engineering, Diploma in Electronics and Communication Engineering, Diploma in Computer Engineering"
205,565,LALGUDI CO-OPERATIVE POLYTECHNIC COLLEGE,SELF FINANCING,TRICHY,"Diploma in Civil Engineering, Diploma in Mechanical Engineering, Diploma in Electrical and Electronics Engineering, Diploma in Electronics and Communication Engineering, Diploma in Computer Engineering"
206,566,PASTOR LENSSEN POLYTECHNIC COLLEGE,SELF FINANCING,TIRUNELVELI,"Diploma in Civil Engineering, Diploma in Mechanical Engineering, Diploma in Electrical and Electronics Engineering, Diploma in Electronics and Communication Engineering, Diploma in Computer Engineering"
207,567,JAYA POLYTECHNIC COLLEGE,SELF FINANCING,THIRUVALLUR,"Diploma in Civil Engineering, Diploma in Mechanical Engineering, Diploma in Electrical and Electronics Engineering, Diploma in Electronics and Communication Engineering, Diploma in Computer Engineering"
208,568,UDAYAPOLYTECHNIC COLLEGE,SELF FINANCING,KANNIYAKUMARI,"Diploma in Civil Engineering, Diploma in Mechanical Engineering, Diploma in Electrical and Electronics Engineering, Diploma in Electronics and Communication Engineering, Diploma in Computer Engineering"
209,569,J.J POLYTECHNIC COLLEGE,SELF FINANCING,TRICHY,"Diploma in Civil Engineering, Diploma in Mechanical Engineering, Diploma in Electrical and Electronics Engineering, Diploma in Electronics and Communication Engineering, Diploma in Computer Engineering"
210,570,PONNAIYAH RAMAJAYAM POLYTECHNIC COLLEGE,SELF FINANCING,THANJAVUR,"Diploma in Civil Engineering, Diploma in Mechanical Engineering, Diploma in Electrical and Electronics Engineering, Diploma in Electronics and Communication Engineering, Diploma in Computer Engineering"
211,571,VANDAYAR POLYTECHNIC COLLEGE,SELF FINANCING,THANJAVUR,"Diploma in Civil Engineering, Diploma in Mechanical Engineering, Diploma in Electrical and Electronics Engineering, Diploma in Electronics and Communication Engineering, Diploma in Computer Engineering"
212,572,APOLLO POLYTECHNIC COLLEGE,SELF FINANCING,CUDDALORE,"Diploma in Civil Engineering, Diploma in Mechanical Engineering, Diploma in Electrical and Electronics Engineering, Diploma in Electronics and Communication Engineering, Diploma in Computer Engineering"
213,573,GRACE POLYTECHNIC COLLEGE,SELF FINANCING,TUTICORIN,"Diploma in Civil Engineering, Diploma in Mechanical Engineering, Diploma in Electrical and Electronics Engineering, Diploma in Electronics and Communication Engineering, Diploma in Computer Engineering"
214,574,MAHENDRA POLYTECHNIC COLLEGE,SELF FINANCING,NAMAKKAL,"Diploma in Civil Engineering, Diploma in Mechanical Engineering, Diploma in Electrical and Electronics Engineering, Diploma in Electronics and Communication Engineering, Diploma in Computer Engineering"
215,575,M.A.R POLYTECHNIC COLLEGE,SELF FINANCING,PUDUKKOTTAI,"Diploma in Civil Engineering, Diploma in Mechanical Engineering, Diploma in Electrical and Electronics Engineering, Diploma in Electronics and Communication Engineering, Diploma in Computer Engineering"
216,576,PA POLYTECHNIC COLLEGE,SELF FINANCING,COIMBATORE,"Diploma in Civil Engineering, Diploma in Mechanical Engineering, Diploma in Electrical and Electronics Engineering, Diploma in Electronics and Communication Engineering, Diploma in Computer Engineering"
217,577,R V S POLYTECHNIC COLLEGE,SELF FINANCING,COIMBATORE,"Diploma in Civil Engineering, Diploma in Mechanical Engineering, Diploma in Electrical and Electronics Engineering, Diploma in Electronics and Communication Engineering, Diploma in Computer Engineering"
218,578,T S SRINIVASAN CENTRE FOR POLYTECHNIC COLLEGE AND ADVANCED G,SELF FINANCING,THIRUVALLUR,"Diploma in Mechanical Engineering, Diploma in Electrical and Electronics Engineering, Diploma in Electronics and Communication Engineering, Diploma in Tool and Die Engineering, Diploma in Computer Engineering"
219,579,SURYA POLYTECHNIC COLLEGE,SELF FINANCING,KANNIYAKUMARI,"Diploma in Civil Engineering, Diploma in Mechanical Engineering, Diploma in Electrical and Electronics Engineering, Diploma in Electronics and Communication Engineering, Diploma in Computer Engineering"
220,580,FX POLYTECHNIC COLLEGE,SELF FINANCING,TIRUNELVELI,"Diploma in Civil Engineering, Diploma in Mechanical Engineering, Diploma in Electrical and Electronics Engineering, Diploma in Electronics and Communication Engineering, Diploma in Computer Engineering"
221,581,SUN POLYTECHNIC COLLEGE,SELF FINANCING,KANNIYAKUMARI,"Diploma in Civil Engineering, Diploma in Mechanical Engineering, Diploma in Electrical and Electronics Engineering, Diploma in Electronics and Communication Engineering, Diploma in Computer Engineering"
222,582,MOTHER TERASA POLYTECHNIC COLLEGE,SELF FINANCING,PUDUKKOTTAI,"Diploma in Civil Engineering, Diploma in Mechanical Engineering, Diploma in Electrical and Electronics Engineering, Diploma in Electronics and Communication Engineering, Diploma in Computer Engineering"
223,583,SAKTHI INSTITUTE OF FASHION TECHNOLOGY,SELF FINANCING,TIRUPPUR,"Diploma in Fashion Technology, Diploma in Apparel Technology"
224,584,SUDHARSAN POLYTECHNIC COLLEGE,SELF FINANCING,PUDUKKOTTAI,"Diploma in Civil Engineering, Diploma in Mechanical Engineering, Diploma in Electrical and Electronics Engineering, Diploma in Electronics and Communication Engineering, Diploma in Computer Engineering"
225,585,ARAVINDAR POLYTECHNIC COLLEGE,SELF FINANCING,DINDIGUL,"Diploma in Civil Engineering, Diploma in Mechanical Engineering, Diploma in Electrical and Electronics Engineering, Diploma in Electronics and Communication Engineering, Diploma in Computer Engineering"
226,586,PONNAIYAH RAMAJAYAM POLYTECHNIC COLLEGE,SELF FINANCING,THANJAVUR,"Diploma in Civil Engineering, Diploma in Mechanical Engineering, Diploma in Electrical and Electronics Engineering, Diploma in Electronics and Communication Engineering, Diploma in Computer Engineering"
227,587,A R J POLYTECHNIC COLLEGE,SELF FINANCING,THIRUVARUR,"Diploma in Civil Engineering, Diploma in Mechanical Engineering, Diploma in Electrical and Electronics Engineering, Diploma in Electronics and Communication Engineering, Diploma in Computer Engineering"
228,588,ARULMURUGAN POLYTECHNIC COLLEGE.,SELF FINANCING,KARUR,"Diploma in Civil Engineering, Diploma in Mechanical Engineering, Diploma in Electrical and Electronics Engineering, Diploma in Electronics and Communication Engineering, Diploma in Computer Engineering"
229,589,CHENDHURAN POLYTECHNIC COLLEGE,SELF FINANCING,PUDUKKOTTAI,"Diploma in Civil Engineering, Diploma in Mechanical Engineering, Diploma in Electrical and Electronics Engineering, Diploma in Electronics and Communication Engineering, Diploma in Computer Engineering"
230,590,THE KONGU POLYTECHNIC COLLEGE,SELF FINANCING,SALEM,"Diploma in Civil Engineering, Diploma in Mechanical Engineering, Diploma in Electrical and Electronics Engineering, Diploma in Electronics and Communication Engineering, Diploma in Computer Engineering"
231,591,KONGHU VELALAR POLYTECHNIC COLLEGE,SELF FINANCING,ERODE,"Diploma in Civil Engineering, Diploma in Mechanical Engineering, Diploma in Electrical and Electronics Engineering, Diploma in Electronics and Communication Engineering, Diploma in Computer Engineering"
232,592,M.A.M. POLYTECHNIC COLLEGE,SELF FINANCING,TIRUCHIRAPPALLI,"Diploma in Civil Engineering, Diploma in Mechanical Engineering, Diploma in Electrical and Electronics Engineering, Diploma in Electronics and Communication Engineering, Diploma in Computer Engineering"
233,593,NAGASIVA POLYTECHNIC COLLEGE,SELF FINANCING,MADURAI,"Diploma in Civil Engineering, Diploma in Mechanical Engineering, Diploma in Electrical and Electronics Engineering, Diploma in Electronics and Communication Engineering, Diploma in Computer Engineering"
234,594,P S R POLYTECHNIC COLLEGE,SELF FINANCING,VIRUDHUNAGAR,"Diploma in Civil Engineering, Diploma in Mechanical Engineering, Diploma in Electrical and Electronics Engineering, Diploma in Electronics and Communication Engineering, Diploma in Computer Engineering"
235,595,SHREENIVASA POLYTECHNIC COLLEGE,SELF FINANCING,DHARMAPURI,"Diploma in Civil Engineering, Diploma in Mechanical Engineering, Diploma in Electrical and Electronics Engineering, Diploma in Electronics and Communication Engineering, Diploma in Computer Engineering"
236,596,SRI VENGATESWARAA POLYTECHNIC COLLEGE,SELF FINANCING,NAMAKKAL,"Diploma in Civil Engineering, Diploma in Mechanical Engineering, Diploma in Electrical and Electronics Engineering, Diploma in Electronics and Communication Engineering, Diploma in Computer Engineering"
237,597,SRINIVASAN POLYTECHNIC COLLEGE,SELF FINANCING,PERAMBALUR,"Diploma in Civil Engineering, Diploma in Mechanical Engineering, Diploma in Electrical and Electronics Engineering, Diploma in Electronics and Communication Engineering, Diploma in Computer Engineering"
238,598,THE KAVERY INSTITUTE OF TECHNOLOGY,SELF FINANCING,NAMAKKAL,"Diploma in Civil Engineering, Diploma in Mechanical Engineering, Diploma in Electrical and Electronics Engineering, Diploma in Electronics and Communication Engineering, Diploma in Computer Engineering"
239,599,MAHARANI POLYTECHNIC COLLEGE,SELF FINANCING,TIRUPPUR,"Diploma in Civil Engineering, Diploma in Mechanical Engineering, Diploma in Electrical and Electronics Engineering, Diploma in Electronics and Communication Engineering, Diploma in Computer Engineering"
240,701,VETRI VINAYAHA POLYTECHNIC COLLEGE,SELF FINANCING,MADURAI,"Diploma in Civil Engineering, Diploma in Mechanical Engineering, Diploma in Electrical and Electronics Engineering, Diploma in Electronics and Communication Engineering, Diploma in Computer Engineering"
241,702,AAROORAN POLYTECHNIC COLLEGE,SELF FINANCING,THIRUVARUR,"Diploma in Civil Engineering, Diploma in Mechanical Engineering, Diploma in Electrical and Electronics Engineering, Diploma in Electronics and Communication Engineering, Diploma in Computer Engineering"
242,703,ELUMALAIYAN POLYTECHNIC COLLEGE,SELF FINANCING,THIRUVARUR,"Diploma in Civil Engineering, Diploma in Mechanical Engineering, Diploma in Electrical and Electronics Engineering, Diploma in Electronics and Communication Engineering, Diploma in Computer Engineering"
243,704,MAISURII POLYTECHNIC COLLEGE,SELF FINANCING,SALEM,"Diploma in Civil Engineering, Diploma in Mechanical Engineering, Diploma in Electrical and Electronics Engineering, Diploma in Electronics and Communication Engineering, Diploma in Computer Engineering"
244,705,KONGUNADU POLYTECHNIC COLLEGE,SELF FINANCING,TRICHY,"Diploma in Civil Engineering, Diploma in Mechanical Engineering, Diploma in Electrical and Electronics Engineering, Diploma in Electronics and Communication Engineering, Diploma in Computer Engineering"
245,707,MEENAAKSHI RAMASAMY POLYTECHNIC COLLEGE,SELF FINANCING,ARIYALUR,"Diploma in Civil Engineering, Diploma in Mechanical Engineering, Diploma in Electrical and Electronics Engineering, Diploma in Electronics and Communication Engineering, Diploma in Computer Engineering"
246,708,THE NEW POLYTECHNIC COLLEGE,SELF FINANCING,TRIHCY,"Diploma in Civil Engineering, Diploma in Mechanical Engineering, Diploma in Electrical and Electronics Engineering, Diploma in Electronics and Communication Engineering, Diploma in Computer Engineering"
247,710,PAVENDAR BHARATHIDASAN POLYTECHNIC COLLEGE,SELF FINANCING,TRICHY,"Diploma in Civil Engineering, Diploma in Mechanical Engineering, Diploma in Electrical and Electronics Engineering, Diploma in Electronics and Communication Engineering, Diploma in Computer Engineering"
248,711,SRG POLYTECHNIC COLLEGE,SELF FINANCING,SALEM,"Diploma in Civil Engineering, Diploma in Mechanical Engineering, Diploma in Electrical and Electronics Engineering, Diploma in Electronics and Communication Engineering, Diploma in Computer Engineering"
249,712,SRI BHARATHI VELU POLYTECHNIC COLLEGE,SELF FINANCING,VELLORE,"Diploma in Civil Engineering, Diploma in Mechanical Engineering, Diploma in Electrical and Electronics Engineering, Diploma in Electronics and Communication Engineering, Diploma in Computer Engineering"
250,713,SUDHARSHANA POLYTECHNIC COLLEGE,SELF FINANCING,TRICHY,"Diploma in Civil Engineering, Diploma in Mechanical Engineering, Diploma in Electrical and Electronics Engineering, Diploma in Electronics and Communication Engineering, Diploma in Computer Engineering"
251,714,THENI KAMMAVAR SANGAM POLYTECHNIC COLLEGE,SELF FINANCING,THENI,"Diploma in Civil Engineering, Diploma in Mechanical Engineering, Diploma in Electrical and Electronics Engineering, Diploma in Electronics and Communication Engineering, Diploma in Computer Engineering"
252,715,SRI RENGA POLYTECHNIC COLLEGE,SELF FINANCING,TRICHY,"Diploma in Civil Engineering, Diploma in Mechanical Engineering, Diploma in Electrical and Electronics Engineering, Diploma in Electronics and Communication Engineering, Diploma in Computer Engineering"
253,716,N P R POLYTECHNIC COLLEGE,SELF FINANCING,DINDIGUL,"Diploma in Civil Engineering, Diploma in Mechanical Engineering, Diploma in Electrical and Electronics Engineering, Diploma in Electronics and Communication Engineering, Diploma in Computer Engineering"
254,717,SRI VENKATESHWARAA POLYTECHNIC COLLEGE,SELF FINANCING,DHARMAPURI,"Diploma in Civil Engineering, Diploma in Mechanical Engineering, Diploma in Electrical and Electronics Engineering, Diploma in Electronics and Communication Engineering, Diploma in Computer Engineering"
255,718,THE SURABI COLLEGE OF POLYTECHNIC,SELF FINANCING,RANIPET,"Diploma in Civil Engineering, Diploma in Mechanical Engineering, Diploma in Electrical and Electronics Engineering, Diploma in Electronics and Communication Engineering, Diploma in Computer Engineering"
256,719,NATIONAL INSTITUTE OF POLYTECHNIC,SELF FINANCING,ARIYALUR,"Diploma in Civil Engineering, Diploma in Mechanical Engineering, Diploma in Electrical and Electronics Engineering, Diploma in Electronics and Communication Engineering, Diploma in Computer Engineering"
257,720,PSN POLYTECHNIC COLLEGE,SELF FINANCING,TIRUNELVELI,"Diploma in Civil Engineering, Diploma in Mechanical Engineering, Diploma in Electrical and Electronics Engineering, Diploma in Electronics and Communication Engineering, Diploma in Computer Engineering"
258,721,ROYAL POLYTECHNIC COLLEGE,SELF FINANCING,PUDUKKOTTAI,"Diploma in Civil Engineering, Diploma in Mechanical Engineering, Diploma in Electrical and Electronics Engineering, Diploma in Electronics and Communication Engineering, Diploma in Computer Engineering"
259,722,UDHAYAM POLYTECHNIC COLLEGE,SELF FINANCING,RAMANATHAPURAM,"Diploma in Civil Engineering, Diploma in Mechanical Engineering, Diploma in Electrical and Electronics Engineering, Diploma in Electronics and Communication Engineering, Diploma in Computer Engineering"
260,723,CAPE POLYTECHNIC COLLEGE,SELF FINANCING,KANYAKUMARI,"Diploma in Civil Engineering, Diploma in Mechanical Engineering, Diploma in Electrical and Electronics Engineering, Diploma in Electronics and Communication Engineering, Diploma in Computer Engineering"
261,724,MUSIRI INSTITUTE OF TECHNOLOGY,SELF FINANCING,TRICHY,"Diploma in Civil Engineering, Diploma in Mechanical Engineering, Diploma in Electrical and Electronics Engineering, Diploma in Electronics and Communication Engineering, Diploma in Computer Engineering"
262,725,THE INDIAN POLYTECHNIC COLLEGE,SELF FINANCING,TIRUNELVELI,"Diploma in Civil Engineering, Diploma in Mechanical Engineering, Diploma in Electrical and Electronics Engineering, Diploma in Electronics and Communication Engineering, Diploma in Computer Engineering"
263,726,PSN INSTITUTE OF TECHNOLOGY,SELF FINANCING,KANNIYAKUMARI,"Diploma in Civil Engineering, Diploma in Mechanical Engineering, Diploma in Electrical and Electronics Engineering, Diploma in Electronics and Communication Engineering, Diploma in Computer Engineering"
264,727,SRI REGIONAL GANDHI POLYTECHNIC COLLEGE,SELF FINANCING,ERODE,"Diploma in Civil Engineering, Diploma in Mechanical Engineering, Diploma in Electrical and Electronics Engineering, Diploma in Electronics and Communication Engineering, Diploma in Computer Engineering"
265,728,BHAVANI POLYTECHNIC COLLEGE,SELF FINANCING,ERODE,"Diploma in Civil Engineering, Diploma in Mechanical Engineering, Diploma in Electrical and Electronics Engineering, Diploma in Electronics and Communication Engineering, Diploma in Computer Engineering"
266,729,KARTHIKEYA POLYTECHNIC COLLEGE,SELF FINANCING,TRICHY,"Diploma in Civil Engineering, Diploma in Mechanical Engineering, Diploma in Electrical and Electronics Engineering, Diploma in Electronics and Communication Engineering, Diploma in Computer Engineering"
267,730,SRI RAMAKRISHNA POLYTECHNIC COLLEGE,SELF FINANCING,PERAMBALUR,"Diploma in Civil Engineering, Diploma in Mechanical Engineering, Diploma in Electrical and Electronics Engineering, Diploma in Electronics and Communication Engineering, Diploma in Computer Engineering"
268,731,ERODE KONGU COLLEGE OF POLYTECHNIIC,SELF FINANCING,ERODE,"Diploma in Civil Engineering, Diploma in Mechanical Engineering, Diploma in Electrical and Electronics Engineering, Diploma in Electronics and Communication Engineering, Diploma in Computer Engineering"
269,732,GANDHI POLYTECHNIC COLLEGE,SELF FINANCING,ERODE,"Diploma in Civil Engineering, Diploma in Mechanical Engineering, Diploma in Electrical and Electronics Engineering, Diploma in Electronics and Communication Engineering, Diploma in Computer Engineering"
270,733,SALEM KONGU POLYTECHNIC COLLEGE,SELF FINANCING,SALEM,"Diploma in Civil Engineering, Diploma in Mechanical Engineering, Diploma in Electrical and Electronics Engineering, Diploma in Electronics and Communication Engineering, Diploma in Computer Engineering"
271,734,KOTTAI MARIYAMMAN POLYTECHNIC COLLEGE,SELF FINANCING,SALEM,"Diploma in Civil Engineering, Diploma in Mechanical Engineering, Diploma in Electrical and Electronics Engineering, Diploma in Electronics and Communication Engineering, Diploma in Computer Engineering"
272,735,EXCEL POLYTECHNIC COLLEGE,SELF FINANCING,NAMAKKAL,"Diploma in Civil Engineering, Diploma in Mechanical Engineering, Diploma in Electrical and Electronics Engineering, Diploma in Electronics and Communication Engineering, Diploma in Computer Engineering"
273,736,SRI JAY MARUTHI POLYTECHNIC COLLEGE,SELF FINANCING,PERAMBALUR,"Diploma in Civil Engineering, Diploma in Mechanical Engineering, Diploma in Electrical and Electronics Engineering, Diploma in Electronics and Communication Engineering, Diploma in Computer Engineering"
274,737,PAAVENDHAR POLYTECHNIC COLLEGE,SELF FINANCING,SALEM,"Diploma in Civil Engineering, Diploma in Mechanical Engineering, Diploma in Electrical and Electronics Engineering, Diploma in Electronics and Communication Engineering, Diploma in Computer Engineering"
275,738,SRI RENGESWARAR POLYTECHNIC COLLEGE,SELF FINANCING,NAMAKKAL,"Diploma in Civil Engineering, Diploma in Mechanical Engineering, Diploma in Electrical and Electronics Engineering, Diploma in Electronics and Communication Engineering, Diploma in Computer Engineering"
276,739,VOICE OF GOD POLYTECHNIC COLLEGE,SELF FINANCING,NAMAKKAL,"Diploma in Civil Engineering, Diploma in Mechanical Engineering, Diploma in Electrical and Electronics Engineering, Diploma in Electronics and Communication Engineering, Diploma in Computer Engineering"
277,740,SRI BALAKRISHNA POLYTECHNIC COLLEGE,SELF FINANCING,TIRUPPUR,"Diploma in Civil Engineering, Diploma in Mechanical Engineering, Diploma in Electrical and Electronics Engineering, Diploma in Electronics and Communication Engineering, Diploma in Computer Engineering"
278,741,NARASIMMA PALLAVAN POLYTECHNIC COLLEGE,SELF FINANCING,KANCHIPURAM,"Diploma in Civil Engineering, Diploma in Mechanical Engineering, Diploma in Electrical and Electronics Engineering, Diploma in Electronics and Communication Engineering, Diploma in Computer Engineering"
279,742,CHOLAN INSTITUTE OF TECHNOLOGY,SELF FINANCING,KANCHIPURAM,"Diploma in Civil Engineering, Diploma in Mechanical Engineering, Diploma in Electrical and Electronics Engineering, Diploma in Electronics and Communication Engineering, Diploma in Computer Engineering"
280,743,GUDIYATTAM POLYTECHNIC COLLEGE,SELF FINANCING,VELLORE,"Diploma in Civil Engineering, Diploma in Mechanical Engineering, Diploma in Electrical and Electronics Engineering, Diploma in Electronics and Communication Engineering, Diploma in Computer Engineering"
281,744,SRI RAMACHANDRA POLYTECHNIC COLLEGE,SELF FINANCING,VELLORE,"Diploma in Civil Engineering, Diploma in Mechanical Engineering, Diploma in Electrical and Electronics Engineering, Diploma in Electronics and Communication Engineering, Diploma in Computer Engineering"
282,745,RAJALAKSHMI POLYTECHNIC COLLEGE,SELF FINANCING,THIRUVANNAMALAI,"Diploma in Civil Engineering, Diploma in Mechanical Engineering, Diploma in Electrical and Electronics Engineering, Diploma in Electronics and Communication Engineering, Diploma in Computer Engineering"
283,746,SRI ANNAMALAIYAR POLYTECHNIC COLLEGE,SELF FINANCING,THIRUVANNAMALAI,"Diploma in Civil Engineering, Diploma in Mechanical Engineering, Diploma in Electrical and Electronics Engineering, Diploma in Electronics and Communication Engineering, Diploma in Computer Engineering"
284,747,SRI RENUGAMBAL POLYTECHNIC COLLEGE,SELF FINANCING,TIRUVANNAMALAI,"Diploma in Civil Engineering, Diploma in Mechanical Engineering, Diploma in Electrical and Electronics Engineering, Diploma in Electronics and Communication Engineering, Diploma in Computer Engineering"
285,748,DHIVYA POLYTECHNIC COLLEGE,SELF FINANCING,TIRUVANNAMALAI,"Diploma in Civil Engineering, Diploma in Mechanical Engineering, Diploma in Electrical and Electronics Engineering, Diploma in Electronics and Communication Engineering, Diploma in Computer Engineering"
286,749,A.K.T MEMORIAL POLYTECHNIC COLLEGE,SELF FINANCING,VILLUPURAM,"Diploma in Civil Engineering, Diploma in Mechanical Engineering, Diploma in Electrical and Electronics Engineering, Diploma in Electronics and Communication Engineering, Diploma in Computer Engineering"
287,750,AYYAPPA POLYTECHNIC COLLEGE,SELF FINANCING,CUDDALORE,"Diploma in Civil Engineering, Diploma in Mechanical Engineering, Diploma in Electrical and Electronics Engineering, Diploma in Electronics and Communication Engineering, Diploma in Computer Engineering"
288,752,SASTHAA POLYTECHNIC COLLEGE,SELF FINANCING,PUDUKKOTTAI,"Diploma in Civil Engineering, Diploma in Mechanical Engineering, Diploma in Electrical and Electronics Engineering, Diploma in Electronics and Communication Engineering, Diploma in Computer Engineering"
289,753,MAHATH AMMA POLYTECHNIC COLLEGE,SELF FINANCING,PUDUKKOTTAI,"Diploma in Civil Engineering, Diploma in Mechanical Engineering, Diploma in Electrical and Electronics Engineering, Diploma in Electronics and Communication Engineering, Diploma in Computer Engineering"
290,754,ST JOSEPH POLYTECHNIC COLLEGE,SELF FINANCING,PUDUKKOTTAI,"Diploma in Civil Engineering, Diploma in Mechanical Engineering, Diploma in Electrical and Electronics Engineering, Diploma in Electronics and Communication Engineering, Diploma in Computer Engineering"
291,755,SRI BHARATHI POLYTECHNIC COLLEGE FOR WOMEN,SELF FINANCING,PUDUKKOTTAI,"Diploma in Civil Engineering, Diploma in Mechanical Engineering, Diploma in Electrical and Electronics Engineering, Diploma in Electronics and Communication Engineering, Diploma in Computer Engineering"
292,756,JAYARAM POLYTECHNIC COLLEGE,SELF FINANCING,TIRUCHIRAPPALLI,"Diploma in Civil Engineering, Diploma in Mechanical Engineering, Diploma in Electrical and Electronics Engineering, Diploma in Electronics and Communication Engineering, Diploma in Computer Engineering"
293,757,IMAYAM POLYTECHNIC COLLEGE,SELF FINANCING,TIRUCHIRAPPALLI,"Diploma in Civil Engineering, Diploma in Mechanical Engineering, Diploma in Electrical and Electronics Engineering, Diploma in Electronics and Communication Engineering, Diploma in Computer Engineering"
294,758,ANNAI COLLEGE OF POLYTECHNIC,SELF FINANCING,THANJAVUR,"Diploma in Civil Engineering, Diploma in Mechanical Engineering, Diploma in Electrical and Electronics Engineering, Diploma in Electronics and Communication Engineering, Diploma in Computer Engineering"
295,759,THIRUVALLUVAR POLYTECHNIC COLLEGE,SELF FINANCING,MADURAI,"Diploma in Civil Engineering, Diploma in Mechanical Engineering, Diploma in Electrical and Electronics Engineering, Diploma in Electronics and Communication Engineering, Diploma in Computer Engineering"
296,760,SRI BALAMURUGAN POLYTECHNIC COLLEGE,SELF FINANCING,PALANI,"Diploma in Civil Engineering, Diploma in Mechanical Engineering, Diploma in Electrical and Electronics Engineering, Diploma in Electronics and Communication Engineering, Diploma in Computer Engineering"
297,761,JAYAM POLYTECHNIC COLLEGE,SELF FINANCING,TIRUCHIRAPPALLI,"Diploma in Civil Engineering, Diploma in Mechanical Engineering, Diploma in Electrical and Electronics Engineering, Diploma in Electronics and Communication Engineering, Diploma in Computer Engineering"
298,762,N.V.POLYTECHNIC COLLEGE,SELF FINANCING,TIRUPPUR,"Diploma in Civil Engineering, Diploma in Mechanical Engineering, Diploma in Electrical and Electronics Engineering, Diploma in Electronics and Communication Engineering, Diploma in Computer Engineering"
299,763,THIRUVALLUVAR POLYTECHNIC COLLEGE,SELF FINANCING,COIMBATORE,"Diploma in Civil Engineering, Diploma in Mechanical Engineering, Diploma in Electrical and Electronics Engineering, Diploma in Electronics and Communication Engineering, Diploma in Computer Engineering"
300,764,SRI RANGANATHAR INSTITUTE OF POLYTECHNIC COLLEGE,SELF FINANCING,COIMBATORE,"Diploma in Civil Engineering, Diploma in Mechanical Engineering, Diploma in Electrical and Electronics Engineering, Diploma in Electronics and Communication Engineering, Diploma in Computer Engineering"
301,765,SIR ISSAC NEWTON POLYTECHNIC COLLEGE,SELF FINANCING,NAGAPATTINAM,"Diploma in Civil Engineering, Diploma in Mechanical Engineering, Diploma in Electrical and Electronics Engineering, Diploma in Electronics and Communication Engineering, Diploma in Computer Engineering"
302,766,HAJI SHEIK ISMAIL POLYTECHNIC COLLEGE,SELF FINANCING,NAGAPATTINAM,"Diploma in Civil Engineering, Diploma in Mechanical Engineering, Diploma in Electrical and Electronics Engineering, Diploma in Electronics and Communication Engineering, Diploma in Computer Engineering"
303,767,DON BOSCO POLYTECHNIC COLLEGE,SELF FINANCING,NAGAPATTINAM,"Diploma in Civil Engineering, Diploma in Mechanical Engineering, Diploma in Electrical and Electronics Engineering, Diploma in Electronics and Communication Engineering, Diploma in Computer Engineering"
304,768,VIVEKANANDA POLYTECHNIC COLLEGE,SELF FINANCING,SIVAGANGAI,"Diploma in Civil Engineering, Diploma in Mechanical Engineering, Diploma in Electrical and Electronics Engineering, Diploma in Electronics and Communication Engineering, Diploma in Computer Engineering"
305,769,ST.MICHAEL POLYTECHNIC COLLEGE,SELF FINANCING,SIVAGANGAI,"Diploma in Civil Engineering, Diploma in Mechanical Engineering, Diploma in Electrical and Electronics Engineering, Diploma in Electronics and Communication Engineering, Diploma in Computer Engineering"
306,770,THE KEVIN POLYTECHNIC COLLEGE,SELF FINANCING,TIRUNELVELI,"Diploma in Civil Engineering, Diploma in Mechanical Engineering, Diploma in Electrical and Electronics Engineering, Diploma in Electronics and Communication Engineering, Diploma in Computer Engineering"
307,772,PET POLYTECHNIC COLLEGE,SELF FINANCING,TIRUNELVELI,"Diploma in Civil Engineering, Diploma in Mechanical Engineering, Diploma in Electrical and Electronics Engineering, Diploma in Electronics and Communication Engineering, Diploma in Computer Engineering"
308,774,UDAYA INSTITUTE OF TECHNOLOGY,SELF FINANCING,KANYAKUMARI,"Diploma in Civil Engineering, Diploma in Mechanical Engineering, Diploma in Electrical and Electronics Engineering, Diploma in Electronics and Communication Engineering, Diploma in Computer Engineering"
309,775,UNION CHRISTIAN POLYTECHNIC COLLEHE,SELF FINANCING,KANYAKUMARI,"Diploma in Civil Engineering, Diploma in Mechanical Engineering, Diploma in Electrical and Electronics Engineering, Diploma in Electronics and Communication Engineering, Diploma in Computer Engineering"
310,776,SRI RAMAKRISHNA POLYTECHNIC COLLEGE,SELF FINANCING,VELLORE,"Diploma in Civil Engineering, Diploma in Mechanical Engineering, Diploma in Electrical and Electronics Engineering, Diploma in Electronics and Communication Engineering, Diploma in Computer Engineering"
311,777,VICKRAM POLYTECHNIC COLLEGE,SELF FINANCING,SIVAGANGA,"Diploma in Civil Engineering, Diploma in Mechanical Engineering, Diploma in Electrical and Electronics Engineering, Diploma in Electronics and Communication Engineering, Diploma in Computer Engineering"
312,778,ADIPARASAKTHI POLYTECHNIC COLLEGE,SELF FINANCING,DHARMAPURI,"Diploma in Civil Engineering, Diploma in Mechanical Engineering, Diploma in Electrical and Electronics Engineering, Diploma in Electronics and Communication Engineering, Diploma in Computer Engineering"
313,780,S.VEERASAMY CHETTIAR POLYTECHNIC COLLEGE,SELF FINANCING,TIRUNELVELI,"Diploma in Civil Engineering, Diploma in Mechanical Engineering, Diploma in Electrical and Electronics Engineering, Diploma in Electronics and Communication Engineering, Diploma in Computer Engineering"
314,781,C.M.ANNAMALAI POLYTECHNIC COLLEGE,SELF FINANCING,THIRUVALLUR,"Diploma in Civil Engineering, Diploma in Mechanical Engineering, Diploma in Electrical and Electronics Engineering, Diploma in Electronics and Communication Engineering, Diploma in Computer Engineering"
315,782,S.S.K. POLYTECHNIC COLLEGE,SELF FINANCING,TRICHY,"Diploma in Civil Engineering, Diploma in Mechanical Engineering, Diploma in Electrical and Electronics Engineering, Diploma in Electronics and Communication Engineering, Diploma in Computer Engineering"
316,783,SRI KARPAGA POLYTECHNIC COLLEGE,SELF FINANCING,KANCHIPURAM,"Diploma in Civil Engineering, Diploma in Mechanical Engineering, Diploma in Electrical and Electronics Engineering, Diploma in Electronics and Communication Engineering, Diploma in Computer Engineering"
317,784,SVS POLYTECHNIC COLLEGE,SELF FINANCING,NAMAKKAL,"Diploma in Civil Engineering, Diploma in Mechanical Engineering, Diploma in Electrical and Electronics Engineering, Diploma in Electronics and Communication Engineering, Diploma in Computer Engineering"
318,785,GURU RAAGAVINDRA POLYTECHNIC COLLEGE,SELF FINANCING,VELLORE,"Diploma in Civil Engineering, Diploma in Mechanical Engineering, Diploma in Electrical and Electronics Engineering, Diploma in Electronics and Communication Engineering, Diploma in Computer Engineering"
319,786,MARUTAMNELLI POLYTECHNIC COLLEGE,SELF FINANCING,DHARMAPURI,"Diploma in Civil Engineering, Diploma in Mechanical Engineering, Diploma in Electrical and Electronics Engineering, Diploma in Electronics and Communication Engineering, Diploma in Computer Engineering"
320,788,MIT POLYTECHNIC COLLEGE,SELF FINANCING,SALEM,"Diploma in Civil Engineering, Diploma in Mechanical Engineering, Diploma in Electrical and Electronics Engineering, Diploma in Electronics and Communication Engineering, Diploma in Computer Engineering"
321,789,KKS MANI POLYTECHNIC COLLEGE,SELF FINANCING,THANJAVUR,"Diploma in Civil Engineering, Diploma in Mechanical Engineering, Diploma in Electrical and Electronics Engineering, Diploma in Electronics and Communication Engineering, Diploma in Computer Engineering"
322,790,PARAMVEER POLYTECHNIC COLLEGE,SELF FINANCING,DHARMAPURI,"Diploma in Civil Engineering, Diploma in Mechanical Engineering, Diploma in Electrical and Electronics Engineering, Diploma in Electronics and Communication Engineering, Diploma in Computer Engineering"
323,791,SRI S.RAMASAMY NAIDU MEMORIAL POLYTECHNIC COLLEGE,SELF FINANCING,VIRUDHUNAGAR,"Diploma in Civil Engineering, Diploma in Mechanical Engineering, Diploma in Electrical and Electronics Engineering, Diploma in Electronics and Communication Engineering, Diploma in Computer Engineering"
324,792,NM POLYTECHNIC COLLEGE,SELF FINANCING,KANNIYAKUMARI,"Diploma in Civil Engineering, Diploma in Mechanical Engineering, Diploma in Electrical and Electronics Engineering, Diploma in Electronics and Communication Engineering, Diploma in Computer Engineering"
325,793,SRI VENKATESVARA POLYTECHNIC COLLEGE,SELF FINANCING,KAIKURUCHI,"Diploma in Civil Engineering, Diploma in Mechanical Engineering, Diploma in Electrical and Electronics Engineering, Diploma in Electronics and Communication Engineering, Diploma in Computer Engineering"
326,794,VIGNESHWARA POLYTECHNIC COLLEGE,SELF FINANCING,CUDDALORE,"Diploma in Civil Engineering, Diploma in Mechanical Engineering, Diploma in Electrical and Electronics Engineering, Diploma in Electronics and Communication Engineering, Diploma in Computer Engineering"
327,795,ST. MARIAM POLYTECHNIC COLLEGE,SELF FINANCING,TIRUNELVELI,"Diploma in Civil Engineering, Diploma in Mechanical Engineering, Diploma in Electrical and Electronics Engineering, Diploma in Electronics and Communication Engineering, Diploma in Computer Engineering"
328,796,SREE KUMARAGURU POLYTECHNIC COLLEGE,SELF FINANCING,DHARMAPURI,"Diploma in Civil Engineering, Diploma in Mechanical Engineering, Diploma in Electrical and Electronics Engineering, Diploma in Electronics and Communication Engineering, Diploma in Computer Engineering"
329,797,SRI PADMAM POLYTECHNIC COLLEGE,SELF FINANCING,VELLORE,"Diploma in Civil Engineering, Diploma in Mechanical Engineering, Diploma in Electrical and Electronics Engineering, Diploma in Electronics and Communication Engineering, Diploma in Computer Engineering"
330,798,SRI VINAYAGA POLYTECHNIC COLLEGE,SELF FINANCING,KRISHNAGIRI,"Diploma in Civil Engineering, Diploma in Mechanical Engineering, Diploma in Electrical and Electronics Engineering, Diploma in Electronics and Communication Engineering, Diploma in Computer Engineering"
331,799,SRI VIGNESH POLYTECHNIC COLLEGE,SELF FINANCING,TRICHY,"Diploma in Civil Engineering, Diploma in Mechanical Engineering, Diploma in Electrical and Electronics Engineering, Diploma in Electronics and Communication Engineering, Diploma in Computer Engineering"
332,801,SRI RAMANA INSTITUTE OF POLYTECHNIC COLLEGE,SELF FINANCING,TIRUNELVELI,"Diploma in Civil Engineering, Diploma in Mechanical Engineering, Diploma in Electrical and Electronics Engineering, Diploma in Electronics and Communication Engineering, Diploma in Computer Engineering"
333,802,ST. JOSEPH POLYTECHNIC COLLEGE,SELF FINANCING,COIMBATORE,"Diploma in Civil Engineering, Diploma in Mechanical Engineering, Diploma in Electrical and Electronics Engineering, Diploma in Electronics and Communication Engineering, Diploma in Computer Engineering"
334,803,AISHWARYA POLYTECHNIC COLLEGE,SELF FINANCING,ERODE,"Diploma in Civil Engineering, Diploma in Mechanical Engineering, Diploma in Electrical and Electronics Engineering, Diploma in Electronics and Communication Engineering, Diploma in Computer Engineering"
335,804,SRI SANTHOSHI POLYTECHNIC COLLEGES,SELF FINANCING,KANCHIPURAM,"Diploma in Civil Engineering, Diploma in Mechanical Engineering, Diploma in Electrical and Electronics Engineering, Diploma in Electronics and Communication Engineering, Diploma in Computer Engineering"
336,805,DON BOSCO POLYTECHNIC COLLEGE,SELF FINANCING,KANCHIPURAM,"Diploma in Civil Engineering, Diploma in Mechanical Engineering, Diploma in Electrical and Electronics Engineering, Diploma in Electronics and Communication Engineering, Diploma in Computer Engineering"
337,806,VETHATHIRI MAHARISHI INSTITUTE OF TECHNOLOGY,SELF FINANCING,THIRUVALLUR,"Diploma in Mechanical Engineering, Diploma in Electrical and Electronics Engineering, Diploma in Electronics and Communication Engineering, Diploma in Computer Engineering, Diploma in Information Technology"
338,807,SRI NANDHANAM POLYTECHNIC COLLEGE,SELF FINANCING,TIRUPATTUR,"Diploma in Civil Engineering, Diploma in Mechanical Engineering, Diploma in Electrical and Electronics Engineering, Diploma in Electronics and Communication Engineering, Diploma in Computer Engineering"
339,808,THIRUMALAI MADHANUR POLYTECHNIC COLLEGE,SELF FINANCING,VELLORE,"Diploma in Civil Engineering, Diploma in Mechanical Engineering, Diploma in Electrical and Electronics Engineering, Diploma in Electronics and Communication Engineering, Diploma in Computer Engineering"
340,809,SRI SAKTHI POLYTECHNIC COLLEGE,SELF FINANCING,THIRUVANNAMALAI,"Diploma in Civil Engineering, Diploma in Mechanical Engineering, Diploma in Electrical and Electronics Engineering, Diploma in Electronics and Communication Engineering, Diploma in Computer Engineering"
341,810,ST.JOSEPH'S POLYTECHNIC COLLEGE,SELF FINANCING,KRISHNAGIRI,"Diploma in Civil Engineering, Diploma in Mechanical Engineering, Diploma in Electrical and Electronics Engineering, Diploma in Electronics and Communication Engineering, Diploma in Computer Engineering"
342,811,SRI ANNAMALAI POLYTECHNIC COLLEGE,SELF FINANCING,VILLUPURAM,"Diploma in Civil Engineering, Diploma in Mechanical Engineering, Diploma in Electrical and Electronics Engineering, Diploma in Electronics and Communication Engineering, Diploma in Computer Engineering"
343,812,SURYA POLYTECHNIC COLLEGE,SELF FINANCING,VILLUPURAM,"Diploma in Civil Engineering, Diploma in Mechanical Engineering, Diploma in Electrical and Electronics Engineering, Diploma in Electronics and Communication Engineering, Diploma in Computer Engineering"
344,813,SREE ARUMUGHAM POLYTECHNIC COLLEGE THOLUDUR,SELF FINANCING,CUDDALORE,"Diploma in Civil Engineering, Diploma in Mechanical Engineering, Diploma in Electrical and Electronics Engineering, Diploma in Electronics and Communication Engineering, Diploma in Computer Engineering"
345,814,ANNAI MADHA POLYTECHNIC COLLEGE,SELF FINANCING,SALEM,"Diploma in Civil Engineering, Diploma in Mechanical Engineering, Diploma in Electrical and Electronics Engineering, Diploma in Electronics and Communication Engineering, Diploma in Computer Engineering"
346,815,NETHAJI SUBASH CHANDRA BOSE POLYTECHNIC COLLEGE,SELF FINANCING,THIRUVARUR,"Diploma in Civil Engineering, Diploma in Mechanical Engineering, Diploma in Electrical and Electronics Engineering, Diploma in Electronics and Communication Engineering, Diploma in Computer Engineering"
347,816,SHREE VENKATESHWARA HITECH POLYTECHNIC COLLEGE,SELF FINANCING,ERODE,"Diploma in Civil Engineering, Diploma in Mechanical Engineering, Diploma in Electrical and Electronics Engineering, Diploma in Electronics and Communication Engineering, Diploma in Computer Engineering"
348,817,SHRI KRISHNAA POLYTECHNIC COLLEGE,SELF FINANCING,DHARMAPURI,"Diploma in Civil Engineering, Diploma in Mechanical Engineering, Diploma in Electrical and Electronics Engineering, Diploma in Electronics and Communication Engineering, Diploma in Computer Engineering"
349,818,ACHARYA POLYTECHNIC COLLEGE,SELF FINANCING,SALEM,"Diploma in Civil Engineering, Diploma in Mechanical Engineering, Diploma in Electrical and Electronics Engineering, Diploma in Electronics and Communication Engineering, Diploma in Computer Engineering"
350,819,SRI THIAGARAJAR POLYTECHNIC COLLEGE,SELF FINANCING,SALEM,"Diploma in Civil Engineering, Diploma in Mechanical Engineering, Diploma in Electrical and Electronics Engineering, Diploma in Electronics and Communication Engineering, Diploma in Computer Engineering"
351,820,SRI SUBABHARATHI POLYTECHNIC COLLEGE,SELF FINANCING,PUDUKKOTTAI,"Diploma in Civil Engineering, Diploma in Mechanical Engineering, Diploma in Electrical and Electronics Engineering, Diploma in Electronics and Communication Engineering, Diploma in Computer Engineering"
352,821,K.M.G POLYTECHNIC COLLEGE,SELF FINANCING,COIMBATORE,"Diploma in Civil Engineering, Diploma in Mechanical Engineering, Diploma in Electrical and Electronics Engineering, Diploma in Electronics and Communication Engineering, Diploma in Computer Engineering"
353,822,U.S.P.POLYTECHNIC COLLEGE.,SELF FINANCING,TIRUNELVELI,"Diploma in Civil Engineering, Diploma in Mechanical Engineering, Diploma in Electrical and Electronics Engineering, Diploma in Electronics and Communication Engineering, Diploma in Computer Engineering"
354,823,BWDA POLYTECHNIC COLLEGE,SELF FINANCING,KANYAKUMARI,"Diploma in Civil Engineering, Diploma in Mechanical Engineering, Diploma in Electrical and Electronics Engineering, Diploma in Electronics and Communication Engineering, Diploma in Computer Engineering"
355,824,NACHIAPPA SWAMIGAL POLYTECHNIC COLLEGE,SELF FINANCING,SIVAGANGAI,"Diploma in Civil Engineering, Diploma in Mechanical Engineering, Diploma in Electrical and Electronics Engineering, Diploma in Electronics and Communication Engineering, Diploma in Computer Engineering"
356,825,VJP POLYTECHNIC COLLEGE,SELF FINANCING,TRICHY,"Diploma in Civil Engineering, Diploma in Mechanical Engineering, Diploma in Electrical and Electronics Engineering, Diploma in Electronics and Communication Engineering, Diploma in Computer Engineering"
357,826,MNSK POLYTECHNIC COLLEGE,SELF FINANCING,PUDUKKOTTAI,"Diploma in Civil Engineering, Diploma in Mechanical Engineering, Diploma in Electrical and Electronics Engineering, Diploma in Electronics and Communication Engineering, Diploma in Computer Engineering"
358,827,G P POLYTECHNIC COLLEGE,SELF FINANCING,VELLORE,"Diploma in Civil Engineering, Diploma in Mechanical Engineering, Diploma in Electrical and Electronics Engineering, Diploma in Electronics and Communication Engineering, Diploma in Computer Engineering"
359,828,NEWCAPE POLYTECHNIC COLLEGE,SELF FINANCING,ARALVAIMOZHI,"Diploma in Civil Engineering, Diploma in Mechanical Engineering, Diploma in Electrical and Electronics Engineering, Diploma in Electronics and Communication Engineering, Diploma in Computer Engineering"
360,829,THIRUMALAI POLYTECHNIC COLLEGE,SELF FINANCING,KANCHIPURAM,"Diploma in Civil Engineering, Diploma in Mechanical Engineering, Diploma in Electrical and Electronics Engineering, Diploma in Electronics and Communication Engineering, Diploma in Computer Engineering"
361,830,MUTHAYAMMAL POLYTECHNIC INSTITUTION,SELF FINANCING,NAMAKKAL,"Diploma in Civil Engineering, Diploma in Mechanical Engineering, Diploma in Electrical and Electronics Engineering, Diploma in Electronics and Communication Engineering, Diploma in Computer Engineering"
362,831,RAASI POLYTECHNIC COLLEGE,SELF FINANCING,NAMAKKAL,"Diploma in Civil Engineering, Diploma in Mechanical Engineering, Diploma in Electrical and Electronics Engineering, Diploma in Electronics and Communication Engineering, Diploma in Computer Engineering"
363,832,SREE VARI MAYASUDHAN COLLEGE OF POLYTECHNIC,SELF FINANCING,PARTHIBANUR,"Diploma in Civil Engineering, Diploma in Mechanical Engineering, Diploma in Electrical and Electronics Engineering, Diploma in Electronics and Communication Engineering, Diploma in Computer Engineering"
364,833,SMS POLYTECHNIC COLLEGE,SELF FINANCING,VIRUDHUNAGAR,"Diploma in Civil Engineering, Diploma in Mechanical Engineering, Diploma in Electrical and Electronics Engineering, Diploma in Electronics and Communication Engineering, Diploma in Computer Engineering"
365,834,PRINCE POLYTECHNIC COLLEGE,SELF FINANCING,MULANUR,"Diploma in Civil Engineering, Diploma in Mechanical Engineering, Diploma in Electrical and Electronics Engineering, Diploma in Electronics and Communication Engineering, Diploma in Computer Engineering"
366,836,S.THANGAPAZHAM POLYTECHNIC COLLEGE,SELF FINANCING,TENKASI,"Diploma in Civil Engineering, Diploma in Mechanical Engineering, Diploma in Electrical and Electronics Engineering, Diploma in Electronics and Communication Engineering, Diploma in Computer Engineering"
367,837,K E T POLYTECHNIC COLLEGE,SELF FINANCING,KRISHNAGIRI,"Diploma in Civil Engineering, Diploma in Mechanical Engineering, Diploma in Electrical and Electronics Engineering, Diploma in Electronics and Communication Engineering, Diploma in Computer Engineering"
368,838,ADHITHYA POLYTECHNIC COLLEGE,SELF FINANCING,SALEM,"Diploma in Civil Engineering, Diploma in Mechanical Engineering, Diploma in Electrical and Electronics Engineering, Diploma in Electronics and Communication Engineering, Diploma in Computer Engineering"
369,839,KALAPANDIAN POLYTECHNIC COLLEGE,SELF FINANCING,BODINAYAKANUR,"Diploma in Civil Engineering, Diploma in Mechanical Engineering, Diploma in Electrical and Electronics Engineering, Diploma in Electronics and Communication Engineering, Diploma in Computer Engineering"
370,841,SHRI RAMANAS ABC POLYTECHNIC COLLEGE,SELF FINANCING,DINDIGUL,"Diploma in Civil Engineering, Diploma in Mechanical Engineering, Diploma in Electrical and Electronics Engineering, Diploma in Electronics and Communication Engineering, Diploma in Computer Engineering"
371,842,DEVANGAR POLYTECHNIC COLLEGE,SELF FINANCING,THENI,"Diploma in Civil Engineering, Diploma in Mechanical Engineering, Diploma in Electrical and Electronics Engineering, Diploma in Electronics and Communication Engineering, Diploma in Computer Engineering"
372,843,SRI MAHALAKSHMI POLYTECHNIC COLLEGE,SELF FINANCING,CUDDALORE,"Diploma in Civil Engineering, Diploma in Mechanical Engineering, Diploma in Electrical and Electronics Engineering, Diploma in Electronics and Communication Engineering, Diploma in Computer Engineering"
373,844,MANNORA POLYTECHNIC COLLEGE,SELF FINANCING,THANJAVUR,"Diploma in Civil Engineering, Diploma in Mechanical Engineering, Diploma in Electrical and Electronics Engineering, Diploma in Electronics and Communication Engineering, Diploma in Computer Engineering"
374,845,SRI ANNAI POLYTECHNIC COLLEGE,SELF FINANCING,VELLORE,"Diploma in Civil Engineering, Diploma in Mechanical Engineering, Diploma in Electrical and Electronics Engineering, Diploma in Electronics and Communication Engineering, Diploma in Computer Engineering"
375,846,HI-TECH POLYTECHNIC COLLEGE,SELF FINANCING,TIRUNELVELI,"Diploma in Civil Engineering, Diploma in Mechanical Engineering, Diploma in Electrical and Electronics Engineering, Diploma in Electronics and Communication Engineering, Diploma in Computer Engineering"
376,847,SVA COLLEGE OF POLYTECHNIC,SELF FINANCING,NAMAKKAL,"Diploma in Civil Engineering, Diploma in Mechanical Engineering, Diploma in Electrical and Electronics Engineering, Diploma in Electronics and Communication Engineering, Diploma in Computer Engineering"
377,848,KUMARAN POLYTECHNIC COLLEGE,SELF FINANCING,PUDUKKOTTAI,"Diploma in Civil Engineering, Diploma in Mechanical Engineering, Diploma in Electrical and Electronics Engineering, Diploma in Electronics and Communication Engineering, Diploma in Computer Engineering"
378,849,JEYA POLYTECHNIC COLLEGE,SELF FINANCING,TUTICORIN,"Diploma in Civil Engineering, Diploma in Mechanical Engineering, Diploma in Electrical and Electronics Engineering, Diploma in Electronics and Communication Engineering, Diploma in Computer Engineering"
379,850,THAAI POLYTECHNIC COLLEGE,SELF FINANCING,MADURAI,"Diploma in Civil Engineering, Diploma in Mechanical Engineering, Diploma in Electrical and Electronics Engineering, Diploma in Electronics and Communication Engineering, Diploma in Computer Engineering"
380,851,MEENAKSHI POLYTECHNIC COLLEGE,SELF FINANCING,DHARMAPURI,"Diploma in Civil Engineering, Diploma in Mechanical Engineering, Diploma in Electrical and Electronics Engineering, Diploma in Electronics and Communication Engineering, Diploma in Computer Engineering"
381,852,AMMA POLYTECHNIC COLLEGE,SELF FINANCING,TIRUVANNAMALAI,"Diploma in Civil Engineering, Diploma in Mechanical Engineering, Diploma in Electrical and Electronics Engineering, Diploma in Electronics and Communication Engineering, Diploma in Computer Engineering"
382,853,GOLDEN POLYTECHNIC COLLEGE,SELF FINANCING,SALEM,"Diploma in Civil Engineering, Diploma in Mechanical Engineering, Diploma in Electrical and Electronics Engineering, Diploma in Electronics and Communication Engineering, Diploma in Computer Engineering"
383,854,JEEVA'S POLYTECHNIC COLLEGE,SELF FINANCING,COIMBATORE,"Diploma in Civil Engineering, Diploma in Mechanical Engineering, Diploma in Electrical and Electronics Engineering, Diploma in Electronics and Communication Engineering, Diploma in Computer Engineering"
384,855,RECT POLYTECHNIC COLLEGE,SELF FINANCING,TIRUNELVELI,"Diploma in Civil Engineering, Diploma in Mechanical Engineering, Diploma in Electrical and Electronics Engineering, Diploma in Electronics and Communication Engineering, Diploma in Computer Engineering"
385,856,AL ISLAMIYA POLYTECHNIC COLLEGE,SELF FINANCING,DHARMAPURI,"Diploma in Civil Engineering, Diploma in Mechanical Engineering, Diploma in Electrical and Electronics Engineering, Diploma in Electronics and Communication Engineering, Diploma in Computer Engineering"
386,857,VKP POLYTECHNIC COLLEGE,SELF FINANCING,TIRUNELVELI,"Diploma in Civil Engineering, Diploma in Mechanical Engineering, Diploma in Electrical and Electronics Engineering, Diploma in Electronics and Communication Engineering, Diploma in Computer Engineering"
387,858,DR.KALAM POLYTECHNIC COLLEGE,SELF FINANCING,THANJAVUR,"Diploma in Civil Engineering, Diploma in Mechanical Engineering, Diploma in Electrical and Electronics Engineering, Diploma in Electronics and Communication Engineering, Diploma in Computer Engineering"
388,859,TJS POLYTECHNIC COLLEGE,SELF FINANCING,THIRUVALLUR,"Diploma in Civil Engineering, Diploma in Mechanical Engineering, Diploma in Electrical and Electronics Engineering, Diploma in Electronics and Communication Engineering, Diploma in Computer Engineering"
389,860,BHARATH NIKETAN POLYTECHNIC COLLEGE,SELF FINANCING,THENI,"Diploma in Civil Engineering, Diploma in Mechanical Engineering, Diploma in Electrical and Electronics Engineering, Diploma in Electronics and Communication Engineering, Diploma in Computer Engineering"
390,861,ST XAVIER'S POLYTECHNIC COLLEGE,SELF FINANCING,SIVAGANGAI,"Diploma in Civil Engineering, Diploma in Mechanical Engineering, Diploma in Electrical and Electronics Engineering, Diploma in Electronics and Communication Engineering, Diploma in Computer Engineering"
391,862,SWAMI VIVEKANANDA POLYTECHNIC COLLEGE,SELF FINANCING,PERAMBALUR,"Diploma in Civil Engineering, Diploma in Mechanical Engineering, Diploma in Electrical and Electronics Engineering, Diploma in Electronics and Communication Engineering, Diploma in Computer Engineering"
392,863,SREE VAIKUNDAR POLYTECHNIC COLLEGE,SELF FINANCING,KANYAKUMARI,"Diploma in Civil Engineering, Diploma in Mechanical Engineering, Diploma in Electrical and Electronics Engineering, Diploma in Electronics and Communication Engineering, Diploma in Computer Engineering"
393,864,MRK POLYTECHNIC COLLEGE,SELF FINANCING,CUDDALORE,"Diploma in Civil Engineering, Diploma in Mechanical Engineering, Diploma in Electrical and Electronics Engineering, Diploma in Electronics and Communication Engineering, Diploma in Computer Engineering"
394,865,TIRUMALAPOLYTECHNIC COLLEGE,SELF FINANCING,THIRUVANNAMALAI,"Diploma in Civil Engineering, Diploma in Mechanical Engineering, Diploma in Electrical and Electronics Engineering, Diploma in Electronics and Communication Engineering, Diploma in Computer Engineering"
395,866,VIVEKANANDA POLYTECHNIC COLLEGE,SELF FINANCING,KANYAKUMARI,"Diploma in Civil Engineering, Diploma in Mechanical Engineering, Diploma in Electrical and Electronics Engineering, Diploma in Electronics and Communication Engineering, Diploma in Computer Engineering"
396,867,ST.JOSEPH'S POLYTECHNIC COLLEGE,SELF FINANCING,DINDIGUL,"Diploma in Civil Engineering, Diploma in Mechanical Engineering, Diploma in Electrical and Electronics Engineering, Diploma in Electronics and Communication Engineering, Diploma in Computer Engineering"
397,868,MAHARAJA POLYTECHNIC COLLEGE,SELF FINANCING,SIVAGANGAI,"Diploma in Civil Engineering, Diploma in Mechanical Engineering, Diploma in Electrical and Electronics Engineering, Diploma in Electronics and Communication Engineering, Diploma in Computer Engineering"
398,869,RANGANATHAN POLYTECHNIC COLLEGE,SELF FINANCING,COIMBATORE,"Diploma in Civil Engineering, Diploma in Mechanical Engineering, Diploma in Electrical and Electronics Engineering, Diploma in Electronics and Communication Engineering, Diploma in Computer Engineering"
399,870,PSV POLYTECHNIC COLLEGE,SELF FINANCING,PUDUKKOTTAI,"Diploma in Civil Engineering, Diploma in Mechanical Engineering, Diploma in Electrical and Electronics Engineering, Diploma in Electronics and Communication Engineering, Diploma in Computer Engineering"
400,871,M.M POLYTECHNIC COLLEGE,SELF FINANCING,TRICHY,"Diploma in Civil Engineering, Diploma in Mechanical Engineering, Diploma in Electrical and Electronics Engineering, Diploma in Electronics and Communication Engineering, Diploma in Computer Engineering"
401,872,VELLORE POLYTECHNIC COLLEGE,SELF FINANCING,VELLORE,"Diploma in Civil Engineering, Diploma in Mechanical Engineering, Diploma in Electrical and Electronics Engineering, Diploma in Electronics and Communication Engineering, Diploma in Computer Engineering"
402,873,J.R.POLYTECHNIC COLLEGE,SELF FINANCING,TIRUCHIRAPPALLI,"Diploma in Civil Engineering, Diploma in Mechanical Engineering, Diploma in Electrical and Electronics Engineering, Diploma in Electronics and Communication Engineering, Diploma in Computer Engineering"
403,874,EVEREST POLYTECHNIC COLLEGE,SELF FINANCING,TIRUNELVELI,"Diploma in Civil Engineering, Diploma in Mechanical Engineering, Diploma in Electrical and Electronics Engineering, Diploma in Electronics and Communication Engineering, Diploma in Computer Engineering"
404,875,KONGUNADU POLYTECHNIC COLLEGE,SELF FINANCING,DINDIGUL,"Diploma in Civil Engineering, Diploma in Mechanical Engineering, Diploma in Electrical and Electronics Engineering, Diploma in Electronics and Communication Engineering, Diploma in Computer Engineering"
405,876,VAANI POLYTECHNIC COLLEGE,SELF FINANCING,VELLORE,"Diploma in Civil Engineering, Diploma in Mechanical Engineering, Diploma in Electrical and Electronics Engineering, Diploma in Electronics and Communication Engineering, Diploma in Computer Engineering"
406,877,SSR POLYTECHNIC COLLEGE,SELF FINANCING,PUDUKKOTTAI,"Diploma in Civil Engineering, Diploma in Mechanical Engineering, Diploma in Electrical and Electronics Engineering, Diploma in Electronics and Communication Engineering, Diploma in Computer Engineering"
407,878,POTHIGAI POLYTECHNIC COLLEGE,SELF FINANCING,PERAMBALUR,"Diploma in Civil Engineering, Diploma in Mechanical Engineering, Diploma in Electrical and Electronics Engineering, Diploma in Electronics and Communication Engineering, Diploma in Computer Engineering"
408,879,CMS POLYTECHNIC COLLEGE,SELF FINANCING,NAMAKKAL,"Diploma in Civil Engineering, Diploma in Mechanical Engineering, Diploma in Electrical and Electronics Engineering, Diploma in Electronics and Communication Engineering, Diploma in Computer Engineering"
409,880,K.S.M. POLYTECHNIC COLLEGE,SELF FINANCING,MANAMADURAI,"Diploma in Civil Engineering, Diploma in Mechanical Engineering, Diploma in Electrical and Electronics Engineering, Diploma in Electronics and Communication Engineering, Diploma in Computer Engineering"
410,881,HINDUSTHAN POLYTECHNIC COLLEGE,SELF FINANCING,COIMBATORE,"Diploma in Civil Engineering, Diploma in Mechanical Engineering, Diploma in Electrical and Electronics Engineering, Diploma in Electronics and Communication Engineering, Diploma in Computer Engineering"
411,882,SPECT POLYTECHNIC COLLEGE,SELF FINANCING,DHARMAPURI,"Diploma in Civil Engineering, Diploma in Mechanical Engineering, Diploma in Electrical and Electronics Engineering, Diploma in Electronics and Communication Engineering, Diploma in Computer Engineering"
412,884,SRI ANNAI ABHIRAMI POLYTECHNIC COLLEGE,SELF FINANCING,PUDUKKOTTAI,"Diploma in Civil Engineering, Diploma in Mechanical Engineering, Diploma in Electrical and Electronics Engineering, Diploma in Electronics and Communication Engineering, Diploma in Computer Engineering"
413,885,SRI VATSA POLYTECHNIC COLLEGE,SELF FINANCING,VIRUDHUNAGAR,"Diploma in Civil Engineering, Diploma in Mechanical Engineering, Diploma in Electrical and Electronics Engineering, Diploma in Electronics and Communication Engineering, Diploma in Computer Engineering"
414,886,LAKSHMISUBRAMANIAN POLYTECHNIC COLLEGE,SELF FINANCING,MADURAI,"Diploma in Civil Engineering, Diploma in Mechanical Engineering, Diploma in Electrical and Electronics Engineering, Diploma in Electronics and Communication Engineering, Diploma in Computer Engineering"
415,887,KAPI POLYTECHNIC COLLEGE,SELF FINANCING,DINDIGUL,"Diploma in Civil Engineering, Diploma in Mechanical Engineering, Diploma in Electrical and Electronics Engineering, Diploma in Electronics and Communication Engineering, Diploma in Computer Engineering"
416,888,SADASIVAM KATHIRKAMAVALLI POLYTECHNIC COLLEGE,SELF FINANCING,THIRUVARUR,"Diploma in Civil Engineering, Diploma in Mechanical Engineering, Diploma in Electrical and Electronics Engineering, Diploma in Electronics and Communication Engineering, Diploma in Computer Engineering"
417,889,GIRIVAASAN POLYTECHNIC COLLEGE,SELF FINANCING,DHARMAPURI,"Diploma in Civil Engineering, Diploma in Mechanical Engineering, Diploma in Electrical and Electronics Engineering, Diploma in Electronics and Communication Engineering, Diploma in Computer Engineering"
418,890,KAMATCHI POLYTECHNIC COLLEGE \,POTHAVUR,SELF FINANCING,POTHAVUR,"Diploma in Civil Engineering, Diploma in Mechanical Engineering, Diploma in Electrical and Electronics Engineering, Diploma in Electronics and Communication Engineering, Diploma in Computer Engineering"
419,891,THEVANESAM ERUDHAYA AMMAL POLYTECHNIC COLLEGE,SELF FINANCING,TUTICORIN,"Diploma in Civil Engineering, Diploma in Mechanical Engineering, Diploma in Electrical and Electronics Engineering, Diploma in Electronics and Communication Engineering, Diploma in Computer Engineering"
420,892,VENKATRAMANA POLYTECHNIC COLLEGE,SELF FINANCING,KARUR,"Diploma in Civil Engineering, Diploma in Mechanical Engineering, Diploma in Electrical and Electronics Engineering, Diploma in Electronics and Communication Engineering, Diploma in Computer Engineering"
421,893,SRI VENKATESWARA POLYTECHNIC COLLEGE,SELF FINANCING,CUDDALORE,"Diploma in Civil Engineering, Diploma in Mechanical Engineering, Diploma in Electrical and Electronics Engineering, Diploma in Electronics and Communication Engineering, Diploma in Computer Engineering"
422,894,ANGEL POLYTECHNIC COLLEGE,SELF FINANCING,RAJAPALAYAM,"Diploma in Civil Engineering, Diploma in Mechanical Engineering, Diploma in Electrical and Electronics Engineering, Diploma in Electronics and Communication Engineering, Diploma in Computer Engineering"
423,895,MARIA POLYTECHNIC COLLEGE,SELF FINANCING,KANYAKUMARI,"Diploma in Civil Engineering, Diploma in Mechanical Engineering, Diploma in Electrical and Electronics Engineering, Diploma in Electronics and Communication Engineering, Diploma in Computer Engineering"
424,896,E.G.S PILLAY POLYTECHNIC COLLEGE,SELF FINANCING,NAGAPATTINAM,"Diploma in Civil Engineering, Diploma in Mechanical Engineering, Diploma in Electrical and Electronics Engineering, Diploma in Electronics and Communication Engineering, Diploma in Computer Engineering"
425,897,RANE POLYTECHNIC TECHNICAL CAMPUS,SELF FINANCING,CHENNAI,"Diploma in Mechanical Engineering, Diploma in Tool and Die Engineering, Diploma in Electrical and Electronics Engineering, Diploma in Electronics and Communication Engineering, Diploma in Computer Engineering"
426,898,RAMYA SATHIANATHAN POLYTECHNIC COLLEGE,SELF FINANCING,THANJAVUR,"Diploma in Civil Engineering, Diploma in Mechanical Engineering, Diploma in Electrical and Electronics Engineering, Diploma in Electronics and Communication Engineering, Diploma in Computer Engineering"
427,899,MERIT POLYTECHNIC COLLEGE,SELF FINANCING,TIRUNELVELI,"Diploma in Civil Engineering, Diploma in Mechanical Engineering, Diploma in Electrical and Electronics Engineering, Diploma in Electronics and Communication Engineering, Diploma in Computer Engineering"
428,901,CHERAN POLYTECHNIC COLLEGE,SELF FINANCING,NAMAKKAL,"Diploma in Civil Engineering, Diploma in Mechanical Engineering, Diploma in Electrical and Electronics Engineering, Diploma in Electronics and Communication Engineering, Diploma in Computer Engineering"
429,902,SITA RAJARAM POLYTECHNIC COLLEGE,SELF FINANCING,KARUR,"Diploma in Civil Engineering, Diploma in Mechanical Engineering, Diploma in Electrical and Electronics Engineering, Diploma in Electronics and Communication Engineering, Diploma in Computer Engineering"
430,905,SRI RAMACHANDRA POLYTECHNIC COLLEGE,SELF FINANCING,DHARMAPURI,"Diploma in Civil Engineering, Diploma in Mechanical Engineering, Diploma in Electrical and Electronics Engineering, Diploma in Electronics and Communication Engineering, Diploma in Computer Engineering"
431,906,JEEVAN POLYTECHNIC COLLLEGE,SELF FINANCING,TIRUCHIRAPPALLI,"Diploma in Civil Engineering, Diploma in Mechanical Engineering, Diploma in Electrical and Electronics Engineering, Diploma in Electronics and Communication Engineering, Diploma in Computer Engineering"
432,907,VARADHARAJAN POLYTECHNIC COLLEGE,SELF FINANCING,PERAMBALUR,"Diploma in Civil Engineering, Diploma in Mechanical Engineering, Diploma in Electrical and Electronics Engineering, Diploma in Electronics and Communication Engineering, Diploma in Computer Engineering"
433,908,KUMARAN POLYTECHNIC COLLEGE,SELF FINANCING,THIRUVALLUR,"Diploma in Civil Engineering, Diploma in Mechanical Engineering, Diploma in Electrical and Electronics Engineering, Diploma in Electronics and Communication Engineering, Diploma in Computer Engineering"
434,909,SENTHUR POLYTECHNIC COLLEGE,SELF FINANCING,TIRUPPUR,"Diploma in Civil Engineering, Diploma in Mechanical Engineering, Diploma in Electrical and Electronics Engineering, Diploma in Electronics and Communication Engineering, Diploma in Computer Engineering"
435,910,S.PADMAVATHY POLYTECHNIC COLLEGE,SELF FINANCING,THURAIYUR,"Diploma in Civil Engineering, Diploma in Mechanical Engineering, Diploma in Electrical and Electronics Engineering, Diploma in Electronics and Communication Engineering, Diploma in Computer Engineering"
436,911,PARIMALA PANDURANGAN POLYTECHNIC COLLEGE,SELF FINANCING,VELLORE,"Diploma in Civil Engineering, Diploma in Mechanical Engineering, Diploma in Electrical and Electronics Engineering, Diploma in Electronics and Communication Engineering, Diploma in Computer Engineering"
437,912,SRI MOOGAMBIGAI POLYTECHNIC COLLEGE,SELF FINANCING,DHARMAPURI,"Diploma in Civil Engineering, Diploma in Mechanical Engineering, Diploma in Electrical and Electronics Engineering, Diploma in Electronics and Communication Engineering, Diploma in Computer Engineering"
438,913,ARAVINDHAR POLYTECHNIC COLLEGE,SELF FINANCING,THIRUVANNAMALAI,"Diploma in Civil Engineering, Diploma in Mechanical Engineering, Diploma in Electrical and Electronics Engineering, Diploma in Electronics and Communication Engineering, Diploma in Computer Engineering"
439,914,NADAR MAHAJANA SANGAM VIMALA CHELLADURAI POLYTECHNIC COLLEGE,SELF FINANCING,ERODE,"Diploma in Civil Engineering, Diploma in Mechanical Engineering, Diploma in Electrical and Electronics Engineering, Diploma in Electronics and Communication Engineering, Diploma in Computer Engineering"
440,915,E.S POLYTECHNIC COLLEGE,SELF FINANCING,VILLUPURAM,"Diploma in Civil Engineering, Diploma in Mechanical Engineering, Diploma in Electrical and Electronics Engineering, Diploma in Electronics and Communication Engineering, Diploma in Computer Engineering"
441,916,KONGU HI-TEK POLYTECHNIC COLLEGE,SELF FINANCING,KARUR,"Diploma in Civil Engineering, Diploma in Mechanical Engineering, Diploma in Electrical and Electronics Engineering, Diploma in Electronics and Communication Engineering, Diploma in Computer Engineering"
442,917,SUTHANTHIRA POLYTECHNIC COLLEGE,SELF FINANCING,SIVAGANGAI,"Diploma in Civil Engineering, Diploma in Mechanical Engineering, Diploma in Electrical and Electronics Engineering, Diploma in Electronics and Communication Engineering, Diploma in Computer Engineering"
443,918,THIRUMAGAL POLYTECHNIC COLLEGE,SELF FINANCING,KANCHIPURAM,"Diploma in Civil Engineering, Diploma in Mechanical Engineering, Diploma in Electrical and Electronics Engineering, Diploma in Electronics and Communication Engineering, Diploma in Computer Engineering"
444,919,ST.JUDE'S POLYTECHNIC COLLEGE,SELF FINANCING,KANYAKUMARI,"Diploma in Civil Engineering, Diploma in Mechanical Engineering, Diploma in Electrical and Electronics Engineering, Diploma in Electronics and Communication Engineering, Diploma in Computer Engineering"
445,920,KA SO KA POLYTECHNIC COLLEGE,SELF FINANCING,ARIYALUR,"Diploma in Civil Engineering, Diploma in Mechanical Engineering, Diploma in Electrical and Electronics Engineering, Diploma in Electronics and Communication Engineering, Diploma in Computer Engineering"
446,921,MODERN POLYTECHNIC COLLEGE,SELF FINANCING,ARIYALUR,"Diploma in Civil Engineering, Diploma in Mechanical Engineering, Diploma in Electrical and Electronics Engineering, Diploma in Electronics and Communication Engineering, Diploma in Computer Engineering"
447,923,IMMANUEL ARASAR JJ COLLEGE OF ENGINEERING (SHIFT),SELF FINANCING,KANYAKUMARI,"Diploma in Mechanical Engineering, Diploma in Electrical and Electronics Engineering, Diploma in Electronics and Communication Engineering, Diploma in Computer Engineering"
448,924,P.S.V POLYTECHNIC COLLEGE,SELF FINANCING,KRISHNAGIRI,"Diploma in Civil Engineering, Diploma in Mechanical Engineering, Diploma in Electrical and Electronics Engineering, Diploma in Electronics and Communication Engineering, Diploma in Computer Engineering"
449,925,P.S.G.PONNAMMAL POLYTECHNIC COLLEGE,SELF FINANCING,TIRUPPUR,"Diploma in Civil Engineering, Diploma in Mechanical Engineering, Diploma in Electrical and Electronics Engineering, Diploma in Electronics and Communication Engineering, Diploma in Computer Engineering"
450,926,KAMARAJAR POLYTECHNIC COLLEGE,SELF FINANCING,CUDDALORE,"Diploma in Civil Engineering, Diploma in Mechanical Engineering, Diploma in Electrical and Electronics Engineering, Diploma in Electronics and Communication Engineering, Diploma in Computer Engineering"
451,927,R.V.REHA POLYTECHNIC COLLEGE,SELF FINANCING,TIRUNELVELI,"Diploma in Civil Engineering, Diploma in Mechanical Engineering, Diploma in Electrical and Electronics Engineering, Diploma in Electronics and Communication Engineering, Diploma in Computer Engineering"
452,928,AMMAIAPPAR POLYTECHNIC COLLEGE,SELF FINANCING,VIRUDHUNAGAR,"Diploma in Civil Engineering, Diploma in Mechanical Engineering, Diploma in Electrical and Electronics Engineering, Diploma in Electronics and Communication Engineering, Diploma in Computer Engineering"
453,930,MEENATCHI GOVINDARAJAN POLYTECHNIC COLLEGE,SELF FINANCING,THANJAVUR,"Diploma in Civil Engineering, Diploma in Mechanical Engineering, Diploma in Electrical and Electronics Engineering, Diploma in Electronics and Communication Engineering, Diploma in Computer Engineering"
454,931,JAI KRISHNA POLYTECHNIC COLLEGE,SELF FINANCING,THIRUVANNAMALAI,"Diploma in Civil Engineering, Diploma in Mechanical Engineering, Diploma in Electrical and Electronics Engineering, Diploma in Electronics and Communication Engineering, Diploma in Computer Engineering"
455,932,SRIBOGHAR POLYTECHNIC COLLEGE,SELF FINANCING,PANTHANENTHAL,"Diploma in Civil Engineering, Diploma in Mechanical Engineering, Diploma in Electrical and Electronics Engineering, Diploma in Electronics and Communication Engineering, Diploma in Computer Engineering"
456,933,VELUDAIYAR POLYTECHNIC COLLEGE,SELF FINANCING,AMMAIYAPPAN,"Diploma in Civil Engineering, Diploma in Mechanical Engineering, Diploma in Electrical and Electronics Engineering, Diploma in Electronics and Communication Engineering, Diploma in Computer Engineering"
457,934,VETHAMONICKAM MEMORIAL CSI POLYTECHNIC COLLEGE,SELF FINANCING,KANYAKUMARI,"Diploma in Civil Engineering, Diploma in Mechanical Engineering, Diploma in Electrical and Electronics Engineering, Diploma in Electronics and Communication Engineering, Diploma in Computer Engineering"
458,935,JCT POLYTECHNIC COLLEGE,SELF FINANCING,COIMBATORE,"Diploma in Civil Engineering, Diploma in Mechanical Engineering, Diploma in Electrical and Electronics Engineering, Diploma in Electronics and Communication Engineering, Diploma in Computer Engineering"
459,936,OMM MURUGA POLYTECHNIC COLLEGE,SELF FINANCING,CUDDALORE,"Diploma in Civil Engineering, Diploma in Mechanical Engineering, Diploma in Electrical and Electronics Engineering, Diploma in Electronics and Communication Engineering, Diploma in Computer Engineering"
460,937,SRI ANDAL NACHIYAR POLYTECHNIC COLLEGE,SELF FINANCING,TUTICORIN,"Diploma in Civil Engineering, Diploma in Mechanical Engineering, Diploma in Electrical and Electronics Engineering, Diploma in Electronics and Communication Engineering, Diploma in Computer Engineering"
461,938,EASWAR POLYTECHNIC COLLEGE,SELF FINANCING,CUDDALORE,"Diploma in Civil Engineering, Diploma in Mechanical Engineering, Diploma in Electrical and Electronics Engineering, Diploma in Electronics and Communication Engineering, Diploma in Computer Engineering"
462,939,DON BOSCO POLYTECHNIC COLLEGE,SELF FINANCING,CHENNAI,"Diploma in Civil Engineering, Diploma in Mechanical Engineering, Diploma in Electrical and Electronics Engineering, Diploma in Electronics and Communication Engineering, Diploma in Computer Engineering"
463,940,M.S.POLYTECHNIC COLLEGE,SELF FINANCING,PUDUKKOTTAI,"Diploma in Civil Engineering, Diploma in Mechanical Engineering, Diploma in Electrical and Electronics Engineering, Diploma in Electronics and Communication Engineering, Diploma in Computer Engineering"
464,941,PERUNTHALAIVAR K KAMARAJAR POLYTECHNIC COLLEGE,SELF FINANCING,VELLORE,"Diploma in Civil Engineering, Diploma in Mechanical Engineering, Diploma in Electrical and Electronics Engineering, Diploma in Electronics and Communication Engineering, Diploma in Computer Engineering"
465,942,"PROFESSIONAL GROUP OF INSTITUTIONS, TIRUPPUR (SHIFT)",SELF FINANCING,TIRUPPUR,"Diploma in Mechanical Engineering, Diploma in Electrical and Electronics Engineering, Diploma in Electronics and Communication Engineering, Diploma in Computer Engineering"
466,943,"SRI RANGAPOOPATHI COLLEGE OF ENGINEERING, VILLUPURAM (SHIFT)",SELF FINANCING,VILLUPURAM,"Diploma in Mechanical Engineering, Diploma in Electrical and Electronics Engineering, Diploma in Electronics and Communication Engineering, Diploma in Computer Engineering"
467,944,"MADURAI INSTITUTE OF ENGINEERING AND TECHNOLOGY, SIVAGANGA (SHIFT)",SELF FINANCING,SIVAGANGAI,"Diploma in Mechanical Engineering, Diploma in Electrical and Electronics Engineering, Diploma in Electronics and Communication Engineering, Diploma in Computer Engineering"
468,945,AKY POLYTECHNIC COLLEGE,SELF FINANCING,TIRUNELVELI,"Diploma in Civil Engineering, Diploma in Mechanical Engineering, Diploma in Electrical and Electronics Engineering, Diploma in Electronics and Communication Engineering, Diploma in Computer Engineering"
469,946,ARASU POLYTECHNIC COLLEGE,SELF FINANCING,THANJAVUR,"Diploma in Civil Engineering, Diploma in Mechanical Engineering, Diploma in Electrical and Electronics Engineering, Diploma in Electronics and Communication Engineering, Diploma in Computer Engineering"
470,947,G K M COLLEGE OF ENGINEERING AND TECHNOLOGY (SHIFT),SELF FINANCING,KANCHIPURAM,"Diploma in Mechanical Engineering, Diploma in Electrical and Electronics Engineering, Diploma in Electronics and Communication Engineering, Diploma in Computer Engineering"
471,948,SHRI SAI BABA POLYTECHNIC COLLEGE,SELF FINANCING,NAMAKKAL,"Diploma in Civil Engineering, Diploma in Mechanical Engineering, Diploma in Electrical and Electronics Engineering, Diploma in Electronics and Communication Engineering, Diploma in Computer Engineering"
472,949,VASANTHA MURUGU POLYTECHNIC COLLEGE,SELF FINANCING,NAGAPATTINAM,"Diploma in Civil Engineering, Diploma in Mechanical Engineering, Diploma in Electrical and Electronics Engineering, Diploma in Electronics and Communication Engineering, Diploma in Computer Engineering"
473,950,JAYA INSTITUTE OF TECHNOLOGY,SELF FINANCING,THIRUVALLUR,"Diploma in Civil Engineering, Diploma in Mechanical Engineering, Diploma in Electrical and Electronics Engineering, Diploma in Electronics and Communication Engineering, Diploma in Computer Engineering"
474,951,JAYA COLLEGE OF ENGINEERING AND TECHNOLOGY,SELF FINANCING,CHENNAI,"Diploma in Mechanical Engineering, Diploma in Electrical and Electronics Engineering, Diploma in Electronics and Communication Engineering, Diploma in Computer Engineering"
475,952,MASS POLYTECHNIC COLLEGE,SELF FINANCING,THANJAVUR,"Diploma in Civil Engineering, Diploma in Mechanical Engineering, Diploma in Electrical and Electronics Engineering, Diploma in Electronics and Communication Engineering, Diploma in Computer Engineering"
476,954,SREE SAKTHI ENGINEERING COLLEGE,SELF FINANCING,COIMBATORE,"Diploma in Mechanical Engineering, Diploma in Electrical and Electronics Engineering, Diploma in Electronics and Communication Engineering, Diploma in Computer Engineering"
477,955,NYRUTHI POLYTECHNIC COLLEGE,SELF FINANCING,COIMBATORE,"Diploma in Civil Engineering, Diploma in Mechanical Engineering, Diploma in Electrical and Electronics Engineering, Diploma in Electronics and Communication Engineering, Diploma in Computer Engineering"
481,129,"GOVERNMENT POLYTECHNIC COLLEGE, ANDIPATTI",GOVERNMENT,THENI,"Diploma in Civil Engineering, Diploma in Mechanical Engineering, Diploma in Electrical and Electronics Engineering, Diploma in Electronics and Communication Engineering, Diploma in Computer Engineering"
482,130,"GOVERNMENT POLYTECHNIC COLLEGE, JOLARPATTAI",GOVERNMENT,TIRUPATTUR,"Diploma in Civil Engineering, Diploma in Mechanical Engineering, Diploma in Electrical and Electronics Engineering, Diploma in Electronics and Communication Engineering, Diploma in Computer Engineering"
483,131,"GOVERNMENT POLYTECHNIC COLLEGE, KILAPALURE",GOVERNMENT,ARIYALUR,"Diploma in Civil Engineering, Diploma in Mechanical Engineering, Diploma in Electrical and Electronics Engineering, Diploma in Electronics and Communication Engineering, Diploma in Computer Engineering"
484,132,"GOVERNMENT POLYTECHNIC COLLEGE, PERUNDURAI",GOVERNMENT,ERODE,"Diploma in Civil Engineering, Diploma in Mechanical Engineering, Diploma in Electrical and Electronics Engineering, Diploma in Electronics and Communication Engineering, Diploma in Computer Engineering"
485,133,"GOVERNMENT POLYTECHNIC COLLEGE, THIRUMANGALAM",GOVERNMENT,MADURAI,"Diploma in Civil Engineering, Diploma in Mechanical Engineering, Diploma in Electrical and Electronics Engineering, Diploma in Electronics and Communication Engineering, Diploma in Computer Engineering"
486,134,"GOVERNMENT POLYTECHNIC COLLEGE, SANKARAPURAM",GOVERNMENT,KALLAKURICHI,"Diploma in Civil Engineering, Diploma in Mechanical Engineering, Diploma in Electrical and Electronics Engineering, Diploma in Electronics and Communication Engineering, Diploma in Computer Engineering"
487,135,"GOVERNMENT POLYTECHNIC COLLEGE, CHEYYAR",GOVERNMENT,THIRUVANNAMALAI,"Diploma in Civil Engineering, Diploma in Mechanical Engineering, Diploma in Electrical and Electronics Engineering, Diploma in Electronics and Communication Engineering, Diploma in Computer Engineering"
488,136,"GOVERNMENT POLYTECHNIC COLLEGE, SRIRANGAM",GOVERNMENT,TIRUCHIRAPPALLI,"Diploma in Civil Engineering, Diploma in Mechanical Engineering, Diploma in Electrical and Electronics Engineering, Diploma in Electronics and Communication Engineering, Diploma in Computer Engineering"
489,137,"GOVERNMENT POLYTECHNIC COLLEGE, GANDHARVAKOTTAI",GOVERNMENT,PUDUKOTTAI,"Diploma in Civil Engineering, Diploma in Mechanical Engineering, Diploma in Electrical and Electronics Engineering, Diploma in Electronics and Communication Engineering, Diploma in Computer Engineering"
490,138,"GOVERNMENT POLYTECHNIC COLLEGE, USILAMPATTI",GOVERNMENT,MADURAI,"Diploma in Civil Engineering, Diploma in Mechanical Engineering, Diploma in Electrical and Electronics Engineering, Diploma in Electronics and Communication Engineering, Diploma in Computer Engineering"
491,139,"GOVERNMENT POLYTECHNIC COLLEGE, UTHANGARAI",GOVERNMENT,KRISHNAGIRI,"Diploma in Civil Engineering, Diploma in Mechanical Engineering, Diploma in Electrical and Electronics Engineering, Diploma in Electronics and Communication Engineering, Diploma in Computer Engineering"
492,140,GOVERNMENT POLYTECHNIC COLLEGE,GOVERNMENT,CHENNAI,"Diploma in Civil Engineering, Diploma in Mechanical Engineering, Diploma in Electrical and Electronics Engineering, Diploma in Electronics and Communication Engineering, Diploma in Computer Engineering"
493,141,"GOVERNMENT POLYTECHNIC COLLEGE, KADATHUR",GOVERNMENT,DHARMAPURI,"Diploma in Civil Engineering, Diploma in Mechanical Engineering, Diploma in Electrical and Electronics Engineering, Diploma in Electronics and Communication Engineering, Diploma in Computer Engineering"
494,142,GOVERNMENT POLYTECHNIC COLLEGE,GOVERNMENT,KRISHNAGIRI,"Diploma in Civil Engineering, Diploma in Mechanical Engineering, Diploma in Electrical and Electronics Engineering, Diploma in Electronics and Communication Engineering, Diploma in Computer Engineering"
495,143,"GOVERNMENT POLYTECHNIC COLLEGE, REGHUNATHAPURAM",GOVERNMENT,THANJAVUR,"Diploma in Civil Engineering, Diploma in Mechanical Engineering, Diploma in Electrical and Electronics Engineering, Diploma in Electronics and Communication Engineering, Diploma in Computer Engineering"
496,144,"GOVERNMENT POLYTECHNIC COLLEGE, THOZHUVOOR",GOVERNMENT,THIRUVARUR,"Diploma in Civil Engineering, Diploma in Mechanical Engineering, Diploma in Electrical and Electronics Engineering, Diploma in Electronics and Communication Engineering, Diploma in Computer Engineering"
497,145,GOVERNMENT POLYTECHNIC COLLEGE,GOVERNMENT,DHARMAPURI,"Diploma in Civil Engineering, Diploma in Mechanical Engineering, Diploma in Electrical and Electronics Engineering, Diploma in Electronics and Communication Engineering, Diploma in Computer Engineering"
498,146,GOVERNMENT POLYTECHNIC COLLEGE,GOVERNMENT,NAMAKKAL,"Diploma in Civil Engineering, Diploma in Mechanical Engineering, Diploma in Electrical and Electronics Engineering, Diploma in Electronics and Communication Engineering, Diploma in Computer Engineering"
499,147,GOVERNMENT POLYTECHNIC COLLEGE,GOVERNMENT,CUDDALORE,"Diploma in Civil Engineering, Diploma in Mechanical Engineering, Diploma in Electrical and Electronics Engineering, Diploma in Electronics and Communication Engineering, Diploma in Computer Engineering"
500,148,GOVERNMENT POLYTECHNIC COLLEGE,GOVERNMENT,TIRUVALLUR,"Diploma in Civil Engineering, Diploma in Mechanical Engineering, Diploma in Electrical and Electronics Engineering, Diploma in Electronics and Communication Engineering, Diploma in Computer Engineering"
501,149,GOVERNMENT POLYTECHNIC COLLEGE,GOVERNMENT,SALEM,"Diploma in Civil Engineering, Diploma in Mechanical Engineering, Diploma in Electrical and Electronics Engineering, Diploma in Electronics and Communication Engineering, Diploma in Computer Engineering"
502,150,GOVERNMENT POLYTECHNIC COLLEGE,GOVERNMENT,CHENGALPATTU,"Diploma in Civil Engineering, Diploma in Mechanical Engineering, Diploma in Electrical and Electronics Engineering, Diploma in Electronics and Communication Engineering, Diploma in Computer Engineering"
503,151,GOVERNMENT POLYTECHNIC COLLEGE,GOVERNMENT,KRISHNAGIRI,"Diploma in Civil Engineering, Diploma in Mechanical Engineering, Diploma in Electrical and Electronics Engineering, Diploma in Electronics and Communication Engineering, Diploma in Computer Engineering"
504,152,GOVERNMENT POLYTECHNIC COLLEGE,GOVERNMENT,TIRUNELVELI,"Diploma in Civil Engineering, Diploma in Mechanical Engineering, Diploma in Electrical and Electronics Engineering, Diploma in Electronics and Communication Engineering, Diploma in Computer Engineering"
505,153,GOVERNMENT POLYTECHNIC COLLEGE,GOVERNMENT,THIRUVOTTRIYUR,"Diploma in Civil Engineering, Diploma in Mechanical Engineering, Diploma in Electrical and Electronics Engineering, Diploma in Electronics and Communication Engineering, Diploma in Computer Engineering"
506,175,DR DHARMAMBAL GOVT POLYTECHNIC COLLEGE FOR WOMEN,GOVERNMENT,CHENNAI,"Diploma in Computer Engineering, Diploma in Electronics and Communication Engineering, Diploma in Electrical and Electronics Engineering, Diploma in Information Technology"
507,176,GOVERNMENT POLYTECHNIC COLLEGE FOR WOMEN,GOVERNMENT,COIMBATORE,"Diploma in Civil Engineering, Diploma in Mechanical Engineering, Diploma in Electrical and Electronics Engineering, Diploma in Electronics and Communication Engineering, Diploma in Computer Engineering"
508,177,GOVERNMENT POLYTECHNIC COLLEGE FOR WOMEN,GOVERNMENT,MADURAI,"Diploma in Civil Engineering, Diploma in Mechanical Engineering, Diploma in Electrical and Electronics Engineering, Diploma in Electronics and Communication Engineering, Diploma in Computer Engineering"
509,178,BHARATHIYAR CENTENARY MEMORIAL GOVT WOMEN’S POLY COLL.,GOVERNMENT,THOOTHUKUDI,"Diploma in Civil Engineering, Diploma in Mechanical Engineering, Diploma in Electrical and Electronics Engineering, Diploma in Electronics and Communication Engineering, Diploma in Computer Engineering"
510,218,SRINIVASA SUBBARAYA POLYTECHNIC COLLEGE,GOVERNMENT,MAYILADUTHURAI,"Diploma in Civil Engineering, Diploma in Mechanical Engineering, Diploma in Electrical and Electronics Engineering, Diploma in Electronics and Communication Engineering, Diploma in Computer Engineering"
511,228,ARASAN GANESAN POLYTECHNIC COLLEGE,GOVERNMENT,VIRUDHUNAGAR,"Diploma in Civil Engineering, Diploma in Mechanical Engineering, Diploma in Electrical and Electronics Engineering, Diploma in Electronics and Communication Engineering, Diploma in Computer Engineering"
512,229,SANKAR POLYTECHNIC COLLEGE,GOVERNMENT AIDED,TIRUNELVELI,"Diploma in Civil Engineering, Diploma in Mechanical Engineering, Diploma in Electrical and Electronics Engineering, Diploma in Electronics and Communication Engineering, Diploma in Computer Engineering"
513,230,KAMARAJ POLYTECHNIC COLLEGE,GOVERNMENT AIDED,KANNIYAKUMARI,"Diploma in Civil Engineering, Diploma in Mechanical Engineering, Diploma in Electrical and Electronics Engineering, Diploma in Electronics and Communication Engineering, Diploma in Computer Engineering"
514,231,NPA CENTENARY POLYTECHNIC COLLEGE,GOVERNMENT AIDED,THE NILGIRIS,"Diploma in Civil Engineering, Diploma in Mechanical Engineering, Diploma in Electrical and Electronics Engineering, Diploma in Electronics and Communication Engineering, Diploma in Computer Engineering"
515,276,PERIYAR CENTENARY POLYTECHNIC COLLEGE,GOVERNMENT AIDED,THANJAVUR,"Diploma in Civil Engineering, Diploma in Mechanical Engineering, Diploma in Electrical and Electronics Engineering, Diploma in Electronics and Communication Engineering, Diploma in Computer Engineering"
516,279,AYYA NADAR JANAKI AMMAL POLYTECHNIC COLLEGE,GOVERNMENT AIDED,DINDIGUL,"Diploma in Civil Engineering, Diploma in Mechanical Engineering, Diploma in Electrical and Electronics Engineering, Diploma in Electronics and Communication Engineering, Diploma in Computer Engineering"
517,280,A.D.J.DHARMAMBAL POLYTECHNIC COLLEGE,GOVERNMENT AIDED,NAGAPATTINAM,"Diploma in Civil Engineering, Diploma in Mechanical Engineering, Diploma in Electrical and Electronics Engineering, Diploma in Electronics and Communication Engineering, Diploma in Computer Engineering"